instance,seed,method,best_length,best_iteration,gap_percent,mean_iter_length,construct_s,ls_s,n_ants,n_iterations,nn_best,known_optimum,restarts
berlin52,0,AS,7701,19,2.1081941129673827,9429.294615384615,12.539424980996046,0.0,52,100,8181,7542,()
berlin52,1,AS,7679,82,1.8164942985945367,9324.976153846152,14.633488179983033,0.0,52,100,8181,7542,()
berlin52,2,AS,7840,6,3.951206576504906,9351.646923076923,15.31623173299704,0.0,52,100,8181,7542,()
berlin52,3,AS,7822,69,3.712543092018033,9357.010192307693,15.359921798004509,0.0,52,100,8181,7542,()
berlin52,4,AS,7763,23,2.930257226199947,9370.618269230768,16.76751816199976,0.0,52,100,8181,7542,()
berlin52,5,AS,7679,88,1.8164942985945367,9370.358076923078,14.92654410900468,0.0,52,100,8181,7542,()
berlin52,6,AS,7741,9,2.6385574118271014,9361.586923076924,16.248094836008022,0.0,52,100,8181,7542,()
berlin52,7,AS,7781,80,3.1689207106868205,9330.943461538462,15.512592678995134,0.0,52,100,8181,7542,()
berlin52,8,AS,7893,95,4.6539379474940334,9370.815576923076,18.23004474201116,0.0,52,100,8181,7542,()
berlin52,9,AS,7679,35,1.8164942985945367,9302.085961538462,17.065439045001767,0.0,52,100,8181,7542,()
berlin52,0,AS+2opt,7542,1,0.0,8110.066923076924,15.358529547991566,71.4263738330119,52,100,8181,7542,()
berlin52,1,AS+2opt,7542,2,0.0,8103.249615384618,16.920720158008407,75.20911557100044,52,100,8181,7542,()
berlin52,2,AS+2opt,7542,13,0.0,8103.092499999999,16.173684314002458,77.16953568201097,52,100,8181,7542,()
berlin52,3,AS+2opt,7542,3,0.0,8111.458846153846,17.818421451987888,80.5059567940043,52,100,8181,7542,()
berlin52,4,AS+2opt,7542,5,0.0,8106.675,16.9439928220163,80.44916635101254,52,100,8181,7542,()
berlin52,5,AS+2opt,7542,3,0.0,8104.684615384615,15.989889089003556,77.04534602499189,52,100,8181,7542,()
berlin52,6,AS+2opt,7542,5,0.0,8110.132884615385,16.345942495983763,74.24052850101361,52,100,8181,7542,()
berlin52,7,AS+2opt,7542,2,0.0,8097.805769230771,11.884049361997311,58.73263455698543,52,100,8181,7542,()
berlin52,8,AS+2opt,7542,3,0.0,8101.218846153847,12.148501616014984,60.92188136299592,52,100,8181,7542,()
berlin52,9,AS+2opt,7542,1,0.0,8100.190192307691,12.437867685010133,59.28445412201109,52,100,8181,7542,()
berlin52,0,MMAS,8372,19,11.005038451339168,10520.098846153844,13.347433471009936,0.0,52,100,8181,7542,"(69,)"
berlin52,1,MMAS,8249,29,9.37417130734553,10466.02826923077,14.803622987999915,0.0,52,100,8181,7542,"(79,)"
berlin52,2,MMAS,8109,58,7.5178997613365155,10372.034999999998,16.664385852001942,0.0,52,100,8181,7542,()
berlin52,3,MMAS,8128,45,7.769822328294882,10406.517307692306,13.766473863008288,0.0,52,100,8181,7542,"(95,)"
berlin52,4,MMAS,7982,18,5.833996287456908,10491.509038461538,15.773218577985972,0.0,52,100,8181,7542,"(68,)"
berlin52,5,MMAS,8259,50,9.506762132060462,10363.888653846154,16.616901263001637,0.0,52,100,8181,7542,"(100,)"
berlin52,6,MMAS,8073,94,7.040572792362768,10362.346346153849,15.83182048100025,0.0,52,100,8181,7542,()
berlin52,7,MMAS,8189,23,8.578626359055953,10496.920576923076,15.94903102200442,0.0,52,100,8181,7542,"(73,)"
berlin52,8,MMAS,8036,60,6.549986740917529,10334.770769230769,16.30917297698943,0.0,52,100,8181,7542,()
berlin52,9,MMAS,7998,71,6.046141607000796,10334.199615384616,16.241551000999607,0.0,52,100,8181,7542,()
berlin52,0,MMAS+2opt,7542,1,0.0,8129.317115384615,15.415554608001912,121.1603471450162,52,100,8181,7542,"(51,)"
berlin52,1,MMAS+2opt,7542,5,0.0,8131.974038461538,16.82874994800295,129.92839381099475,52,100,8181,7542,"(55,)"
berlin52,2,MMAS+2opt,7542,5,0.0,8121.562884615385,16.536982292987886,126.41436635799982,52,100,8181,7542,"(55,)"
berlin52,3,MMAS+2opt,7542,4,0.0,8129.072307692308,15.32085305601504,117.69916634001856,52,100,8181,7542,"(54,)"
berlin52,4,MMAS+2opt,7542,3,0.0,8131.327692307693,14.31230835401584,113.1746851410062,52,100,8181,7542,"(53,)"
berlin52,5,MMAS+2opt,7542,6,0.0,8127.949615384615,12.41368716897341,96.46861373900538,52,100,8181,7542,"(56,)"
berlin52,6,MMAS+2opt,7542,3,0.0,8125.432115384615,12.553957016007187,94.70074215701244,52,100,8181,7542,"(53,)"
berlin52,7,MMAS+2opt,7542,2,0.0,8135.177307692307,10.475962564003568,81.4411474589906,52,100,8181,7542,"(52,)"
berlin52,8,MMAS+2opt,7542,3,0.0,8125.492307692306,10.301072051985102,80.47140573999059,52,100,8181,7542,"(53,)"
berlin52,9,MMAS+2opt,7542,1,0.0,8127.816730769231,9.24834244901649,69.4750027989976,52,100,8181,7542,"(51,)"
eil101,0,AS,693,17,10.174880763116056,825.3840594059405,59.01592476999394,0.0,101,100,746,629,()
eil101,1,AS,687,100,9.220985691573928,826.5655445544554,61.93701436399533,0.0,101,100,746,629,()
eil101,2,AS,699,29,11.128775834658189,827.1965346534652,67.70994628301378,0.0,101,100,746,629,()
eil101,3,AS,691,38,9.85691573926868,824.5266336633664,60.15684644398789,0.0,101,100,746,629,()
eil101,4,AS,687,42,9.220985691573928,825.8054455445546,65.35894189499959,0.0,101,100,746,629,()
eil101,5,AS,683,88,8.585055643879173,826.0846534653465,63.32446220799284,0.0,101,100,746,629,()
eil101,6,AS,693,90,10.174880763116056,826.3925742574257,64.48669587997938,0.0,101,100,746,629,()
eil101,7,AS,695,85,10.492845786963434,827.1833663366338,61.320803487004014,0.0,101,100,746,629,()
eil101,8,AS,702,22,11.605723370429253,825.5253465346535,57.661749331036845,0.0,101,100,746,629,()
eil101,9,AS,700,77,11.287758346581876,826.019405940594,65.08893037601229,0.0,101,100,746,629,()
eil101,0,AS+2opt,635,43,0.9538950715421304,671.2174257425743,63.52919732799819,566.2451000990004,101,100,746,629,()
eil101,1,AS+2opt,637,36,1.2718600953895072,671.2002970297029,45.03720910698394,414.4356994419977,101,100,746,629,()
eil101,2,AS+2opt,636,88,1.1128775834658189,671.1834653465345,27.911385360992423,253.0820702340025,101,100,746,629,()
eil101,3,AS+2opt,631,91,0.3179650238473768,671.3717821782178,24.129788735990587,220.2239553769832,101,100,746,629,()
eil101,4,AS+2opt,636,30,1.1128775834658189,671.2620792079209,23.967098098943097,220.6953494579975,101,100,746,629,()
eil101,5,AS+2opt,635,15,0.9538950715421304,671.3875247524752,23.733690843029763,218.8379786559999,101,100,746,629,()
eil101,6,AS+2opt,638,38,1.4308426073131957,671.2377227722772,19.569627527991543,178.07096627398278,101,100,746,629,()
eil101,7,AS+2opt,634,44,0.794912559618442,671.1368316831682,19.068649412995,176.43141122200177,101,100,746,629,()
eil101,8,AS+2opt,637,10,1.2718600953895072,671.3969306930694,19.054666396004905,176.1750318719969,101,100,746,629,()
eil101,9,AS+2opt,636,73,1.1128775834658189,671.059504950495,18.355598072997964,170.14270803498948,101,100,746,629,()
eil101,0,MMAS,747,85,18.75993640699523,916.5014851485148,59.91673347698816,0.0,101,100,746,629,()
eil101,1,MMAS,756,43,20.190779014308426,919.3239603960398,62.59217834100855,0.0,101,100,746,629,"(93,)"
eil101,2,MMAS,748,70,18.91891891891892,914.178514851485,63.19374518398581,0.0,101,100,746,629,()
eil101,3,MMAS,734,93,16.69316375198728,916.201782178218,65.72933822699088,0.0,101,100,746,629,()
eil101,4,MMAS,738,84,17.329093799682035,915.1966336633664,66.17496713999935,0.0,101,100,746,629,()
eil101,5,MMAS,740,90,17.647058823529413,914.439801980198,63.028876316993774,0.0,101,100,746,629,()
eil101,6,MMAS,753,78,19.71383147853736,916.2228712871288,66.63169601498157,0.0,101,100,746,629,()
eil101,7,MMAS,761,89,20.985691573926868,915.7358415841584,65.86854423899786,0.0,101,100,746,629,()
eil101,8,MMAS,741,89,17.8060413354531,914.948811881188,56.93465215100514,0.0,101,100,746,629,()
eil101,9,MMAS,720,96,14.467408585055644,917.0087128712872,64.07438085302056,0.0,101,100,746,629,()
eil101,0,MMAS+2opt,633,95,0.6359300476947536,676.8252475247525,60.37510979300714,773.6137023880128,101,100,746,629,"(79,)"
eil101,1,MMAS+2opt,639,86,1.589825119236884,676.8209900990098,34.9591011309858,465.7970863199953,101,100,746,629,"(54,)"
eil101,2,MMAS+2opt,638,31,1.4308426073131957,676.5412871287128,23.493945356010958,316.05292051299693,101,100,746,629,"(81,)"
eil101,3,MMAS+2opt,642,54,2.066772655007949,676.4791089108909,23.923538958031717,306.6626737500119,101,100,746,629,()
eil101,4,MMAS+2opt,640,19,1.7488076311605725,676.7739603960396,20.11165443100253,277.3973931609762,101,100,746,629,"(69,)"
eil101,5,MMAS+2opt,639,98,1.589825119236884,676.7471287128712,18.94066270001349,241.8062649199965,101,100,746,629,()
eil101,6,MMAS+2opt,641,3,1.9077901430842608,676.7860396039604,18.875727836002625,257.79684740002267,101,100,746,629,"(53,)"
eil101,7,MMAS+2opt,640,35,1.7488076311605725,676.7474257425743,15.862746425002117,212.2323564140206,101,100,746,629,"(85,)"
eil101,8,MMAS+2opt,634,44,0.794912559618442,676.5095049504948,15.566693745982777,201.97663242198905,101,100,746,629,"(94,)"
eil101,9,MMAS+2opt,643,2,2.2257551669316373,676.6187128712872,15.217986641979223,210.91892667903448,101,100,746,629,"(52,)"
eil51,0,AS,460,27,7.981220657276995,551.3919607843138,15.642718210994644,0.0,51,100,482,426,()
eil51,1,AS,453,11,6.338028169014085,551.9474509803922,16.76689042700127,0.0,51,100,482,426,()
eil51,2,AS,456,2,7.042253521126761,549.7809803921568,14.328674282005522,0.0,51,100,482,426,()
eil51,3,AS,452,31,6.103286384976526,551.7996078431373,16.421806874996037,0.0,51,100,482,426,()
eil51,4,AS,454,92,6.572769953051643,552.5303921568627,15.543028179004978,0.0,51,100,482,426,()
eil51,5,AS,456,44,7.042253521126761,552.2588235294119,16.488659243001166,0.0,51,100,482,426,()
eil51,6,AS,443,46,3.9906103286384975,550.7582352941175,17.24002574099177,0.0,51,100,482,426,()
eil51,7,AS,456,36,7.042253521126761,551.4676470588236,15.91337100799501,0.0,51,100,482,426,()
eil51,8,AS,460,65,7.981220657276995,551.2368627450979,14.661738960998264,0.0,51,100,482,426,()
eil51,9,AS,444,74,4.225352112676056,551.8986274509804,14.2291068909999,0.0,51,100,482,426,()
eil51,0,AS+2opt,426,82,0.0,443.9580392156862,15.17818673900365,73.48318298500635,51,100,482,426,()
eil51,1,AS+2opt,426,35,0.0,444.0990196078432,16.28801910700713,79.69614139700025,51,100,482,426,()
eil51,2,AS+2opt,427,1,0.2347417840375587,444.1109803921569,15.353267039023194,73.60743028798242,51,100,482,426,()
eil51,3,AS+2opt,427,8,0.2347417840375587,444.0092156862745,15.0225924390179,70.20336150900766,51,100,482,426,()
eil51,4,AS+2opt,427,10,0.2347417840375587,444.0107843137255,14.958080457021424,69.06430112101589,51,100,482,426,()
eil51,5,AS+2opt,426,21,0.0,444.11294117647054,13.534179064990894,64.78480742199463,51,100,482,426,()
eil51,6,AS+2opt,427,28,0.2347417840375587,443.8431372549021,11.7704572549992,57.807482667980366,51,100,482,426,()
eil51,7,AS+2opt,426,24,0.0,443.9896078431373,12.752851290992112,59.66650814002424,51,100,482,426,()
eil51,8,AS+2opt,426,89,0.0,443.8207843137254,11.679077269011032,54.765434447981534,51,100,482,426,()
eil51,9,AS+2opt,426,45,0.0,443.7380392156863,10.93294238400631,52.68594687600853,51,100,482,426,()
eil51,0,MMAS,478,64,12.206572769953052,600.5125490196078,16.011252906002483,0.0,51,100,482,426,()
eil51,1,MMAS,462,68,8.450704225352112,599.4029411764704,15.62629699000172,0.0,51,100,482,426,()
eil51,2,MMAS,466,60,9.389671361502348,600.0786274509804,15.573561439994592,0.0,51,100,482,426,()
eil51,3,MMAS,475,85,11.502347417840376,599.6513725490196,16.905762689995754,0.0,51,100,482,426,()
eil51,4,MMAS,475,72,11.502347417840376,599.82,16.390077408985235,0.0,51,100,482,426,()
eil51,5,MMAS,483,98,13.380281690140846,607.5305882352941,16.613715609018982,0.0,51,100,482,426,"(72,)"
eil51,6,MMAS,461,96,8.215962441314554,599.3686274509804,13.759316627991211,0.0,51,100,482,426,()
eil51,7,MMAS,474,54,11.267605633802816,597.3913725490196,15.05338538199794,0.0,51,100,482,426,()
eil51,8,MMAS,485,12,13.849765258215962,608.7588235294118,15.7706490199962,0.0,51,100,482,426,"(62,)"
eil51,9,MMAS,475,64,11.502347417840376,598.8398039215685,14.475463097027388,0.0,51,100,482,426,()
eil51,0,MMAS+2opt,427,50,0.2347417840375587,447.1433333333334,15.238138158994843,100.29056035001486,51,100,482,426,"(100,)"
eil51,1,MMAS+2opt,427,60,0.2347417840375587,447.6482352941176,13.490526248020617,91.02750007199212,51,100,482,426,()
eil51,2,MMAS+2opt,426,25,0.0,447.7460784313725,11.799626121985057,84.96645240500948,51,100,482,426,"(75,)"
eil51,3,MMAS+2opt,427,98,0.2347417840375587,447.486862745098,11.367487638002784,83.79300877498463,51,100,482,426,"(56,)"
eil51,4,MMAS+2opt,426,43,0.0,447.4254901960784,10.297077247003472,70.82541138698434,51,100,482,426,"(93,)"
eil51,5,MMAS+2opt,426,13,0.0,447.6109803921569,9.651562307008136,68.9083023499843,51,100,482,426,"(63,)"
eil51,6,MMAS+2opt,426,37,0.0,447.4333333333333,9.838393809968691,66.83183267001368,51,100,482,426,"(87,)"
eil51,7,MMAS+2opt,426,97,0.0,447.6503921568628,7.13944528900538,50.18278451998049,51,100,482,426,"(59,)"
eil51,8,MMAS+2opt,427,80,0.2347417840375587,447.2815686274509,6.756894700956764,45.553444778972334,51,100,482,426,()
eil51,9,MMAS+2opt,427,22,0.2347417840375587,447.58509803921567,6.8155512279881805,48.54179761699561,51,100,482,426,"(72,)"
