instance,method,mean_length,std_length,median_gap_pct,mean_gap_pct,best,worst,construct_s,ls_s,n_seeds,optimum,nn_best,p_value
eil51,AS,453.4,5.834761729877617,6.807511737089202,6.431924882629107,443.0,460.0,15.723601981798856,0.0,10.0,426,482,
eil51,AS+2opt,426.4,0.5163977794943223,0.0,0.09389671361502347,426.0,427.0,13.746965304507285,65.57645968540018,10.0,426,482,
eil51,MMAS,473.4,8.126773310757747,11.502347417840376,11.126760563380282,461.0,485.0,15.61794811710115,0.0,10.0,426,482,
eil51,MMAS+2opt,426.5,0.5270462766947299,0.11737089201877934,0.11737089201877934,426.0,427.0,10.239470274893392,71.09210949249318,10.0,426,482,
eil51,p[AS+2opt vs AS],,,,,,,,,,426,482,0.0001167944500708451
eil51,p[MMAS+2opt vs MMAS],,,,,,,,,,426,482,0.0001211632705637733
eil51,p[MMAS vs AS],,,,,,,,,,426,482,0.0001491392881693976
eil51,p[MMAS+2opt vs AS+2opt],,,,,,,,,,426,482,0.6613240680116785
berlin52,AS,7757.8,75.90900985902648,2.784407319013524,2.861309997348184,7679.0,7893.0,15.659930026500115,0.0,10.0,7542,8181,
berlin52,AS+2opt,7542.0,0.0,0.0,0.0,7542.0,7542.0,15.202159854201636,71.49849927990381,10.0,7542,8181,
berlin52,MMAS,8139.5,126.40433361066208,7.643861044815699,7.922301776717052,7982.0,8372.0,15.53036114960014,0.0,10.0,7542,8181,
berlin52,MMAS+2opt,7542.0,0.0,0.0,0.0,7542.0,7542.0,13.34074695090094,103.09338706890321,10.0,7542,8181,
berlin52,p[AS+2opt vs AS],,,,,,,,,,7542,8181,5.223547845800702e-05
berlin52,p[MMAS+2opt vs MMAS],,,,,,,,,,7542,8181,5.380741956062529e-05
berlin52,p[MMAS vs AS],,,,,,,,,,7542,8181,0.00015349779170570343
berlin52,p[MMAS+2opt vs AS+2opt],,,,,,,,,,7542,8181,1.0
eil101,AS,693.0,6.200358412579424,10.174880763116056,10.17488076311606,683.0,702.0,62.60613150380159,0.0,10.0,629,746,
eil101,AS+2opt,635.5,1.9578900207451218,1.1128775834658189,1.0333863275039747,631.0,638.0,28.43569108839274,259.4340270668952,10.0,629,746,
eil101,MMAS,743.8,11.905180945005974,18.282988871224163,18.251192368839426,720.0,761.0,63.414511194397164,0.0,10.0,629,746,
eil101,MMAS+2opt,638.9,3.212821536005731,1.6693163751987283,1.5739268680445153,633.0,643.0,24.732716701801838,326.42548039670567,10.0,629,746,
eil101,p[AS+2opt vs AS],,,,,,,,,,629,746,0.0001500035192534277
eil101,p[MMAS+2opt vs MMAS],,,,,,,,,,629,746,0.00015526747185878875
eil101,p[MMAS vs AS],,,,,,,,,,629,746,0.00015526747185878875
eil101,p[MMAS+2opt vs AS+2opt],,,,,,,,,,629,746,0.015177399526447477
