instance,seed,method,best_length,best_iteration,gap_percent,construct_s,ls_s,n_ants,n_iterations,known_optimum
eil51,0,AS-restart,460,27,7.981220657276995,8.239014079001208,0.0,51,100,426
eil51,1,AS-restart,453,11,6.338028169014085,10.396335332996387,0.0,51,100,426
eil51,2,AS-restart,456,2,7.042253521126761,7.990056116002961,0.0,51,100,426
eil51,3,AS-restart,458,78,7.511737089201878,7.979044478972355,0.0,51,100,426
eil51,4,AS-restart,456,55,7.042253521126761,10.028312141992501,0.0,51,100,426
eil51,5,AS-restart,451,79,5.868544600938967,9.915973364979436,0.0,51,100,426
eil51,6,AS-restart,443,46,3.9906103286384975,9.589261552962853,0.0,51,100,426
eil51,7,AS-restart,456,36,7.042253521126761,9.69968489699022,0.0,51,100,426
eil51,8,AS-restart,457,88,7.276995305164319,9.628082823008299,0.0,51,100,426
eil51,9,AS-restart,457,16,7.276995305164319,8.493607468994014,0.0,51,100,426
eil51,0,AS-restart+2opt,426,40,0.0,9.141601483999693,42.72962068000197,51,100,426
eil51,1,AS-restart+2opt,426,35,0.0,9.974024997984088,48.8768300840311,51,100,426
eil51,2,AS-restart+2opt,427,1,0.2347417840375587,10.394258031014033,50.24800341900482,51,100,426
eil51,3,AS-restart+2opt,426,42,0.0,9.333511858971178,45.27844768499199,51,100,426
eil51,4,AS-restart+2opt,426,70,0.0,8.270705470993562,40.457084794994444,51,100,426
eil51,5,AS-restart+2opt,426,21,0.0,7.917897371993604,39.03307871102152,51,100,426
eil51,6,AS-restart+2opt,427,28,0.2347417840375587,9.126183029991807,43.31562871099959,51,100,426
eil51,7,AS-restart+2opt,426,24,0.0,8.440141270017193,41.592116656000144,51,100,426
eil51,8,AS-restart+2opt,426,94,0.0,9.430984474998695,44.828483112996764,51,100,426
eil51,9,AS-restart+2opt,426,45,0.0,8.506984573981754,41.220647842008475,51,100,426
berlin52,0,AS-restart,7701,19,2.1081941129673827,8.942345171999477,0.0,52,100,7542
berlin52,1,AS-restart,7679,82,1.8164942985945371,9.054666445990733,0.0,52,100,7542
berlin52,2,AS-restart,7790,80,3.2882524529302573,8.846743332003825,0.0,52,100,7542
berlin52,3,AS-restart,7679,94,1.8164942985945371,11.059760961012216,0.0,52,100,7542
berlin52,4,AS-restart,7566,64,0.31821797931583135,9.53965658598463,0.0,52,100,7542
berlin52,5,AS-restart,7725,62,2.426412092283214,9.928765188011312,0.0,52,100,7542
berlin52,6,AS-restart,7741,9,2.6385574118271014,9.163845404025778,0.0,52,100,7542
berlin52,7,AS-restart,7781,98,3.1689207106868205,9.329362833999767,0.0,52,100,7542
berlin52,8,AS-restart,7763,96,2.930257226199947,10.250040341987187,0.0,52,100,7542
berlin52,9,AS-restart,7679,35,1.8164942985945371,9.194440595991182,0.0,52,100,7542
berlin52,0,AS-restart+2opt,7542,1,0.0,9.904151224000088,48.17226583799129,52,100,7542
berlin52,1,AS-restart+2opt,7542,2,0.0,10.065286145993014,48.034906672986835,52,100,7542
berlin52,2,AS-restart+2opt,7542,13,0.0,9.6657724349825,47.05613852901661,52,100,7542
berlin52,3,AS-restart+2opt,7542,3,0.0,9.584834491008223,47.40679329198974,52,100,7542
berlin52,4,AS-restart+2opt,7542,5,0.0,9.039894212994113,45.45480500800113,52,100,7542
berlin52,5,AS-restart+2opt,7542,3,0.0,9.983027552996646,49.52182326401817,52,100,7542
berlin52,6,AS-restart+2opt,7542,5,0.0,10.223248650996538,50.93430287398951,52,100,7542
berlin52,7,AS-restart+2opt,7542,2,0.0,9.228914066978177,46.283497743002954,52,100,7542
berlin52,8,AS-restart+2opt,7542,3,0.0,10.64881107797919,50.55941988498671,52,100,7542
berlin52,9,AS-restart+2opt,7542,1,0.0,8.817395902995486,42.94422714900429,52,100,7542
eil101,0,AS-restart,693,17,10.174880763116057,35.74911880901345,0.0,101,100,629
eil101,1,AS-restart,695,19,10.492845786963434,38.52686996902412,0.0,101,100,629
eil101,2,AS-restart,699,29,11.128775834658187,37.74953174500115,0.0,101,100,629
eil101,3,AS-restart,689,81,9.538950715421304,39.47707570998318,0.0,101,100,629
eil101,4,AS-restart,687,42,9.220985691573928,29.096162936028122,0.0,101,100,629
eil101,5,AS-restart,698,52,10.9697933227345,26.62347752401911,0.0,101,100,629
eil101,6,AS-restart,693,90,10.174880763116057,30.048206655996182,0.0,101,100,629
eil101,7,AS-restart,695,96,10.492845786963434,25.491373369011853,0.0,101,100,629
eil101,8,AS-restart,702,22,11.605723370429253,26.318700916021044,0.0,101,100,629
eil101,9,AS-restart,704,95,11.92368839427663,27.335885316002532,0.0,101,100,629
eil101,0,AS-restart+2opt,634,74,0.794912559618442,26.163286985000013,252.17674703499506,101,100,629
eil101,1,AS-restart+2opt,637,36,1.2718600953895072,26.89779612698476,255.86273545200675,101,100,629
eil101,2,AS-restart+2opt,634,43,0.794912559618442,26.210419232989807,252.56897815300908,101,100,629
eil101,3,AS-restart+2opt,637,52,1.2718600953895072,26.711469769983523,251.7406910860118,101,100,629
eil101,4,AS-restart+2opt,636,30,1.1128775834658187,25.973993347990472,249.64047492699683,101,100,629
eil101,5,AS-restart+2opt,635,15,0.9538950715421304,25.97235874000762,255.3425976479848,101,100,629
eil101,6,AS-restart+2opt,636,93,1.1128775834658187,25.965761757979635,247.2683590700035,101,100,629
eil101,7,AS-restart+2opt,634,44,0.794912559618442,27.495899433000886,265.92560503398636,101,100,629
eil101,8,AS-restart+2opt,634,76,0.794912559618442,29.937800131003314,292.86985715599803,101,100,629
eil101,9,AS-restart+2opt,637,89,1.2718600953895072,27.348561297010747,258.8191339020086,101,100,629
