seed,method,query_index,query_type,retrieve_tool,process_tool,reward,cost_tokens,latency_ms
0,pheromone_router,0,factual-lookup,knowledge_base,calculator,0.0552448496072266,180,25
0,pheromone_router,1,text-summarization,vector_db,small_llm,0.4605495941551373,1150,105
0,pheromone_router,2,code-snippet,knowledge_base,small_llm,0.05970798618295711,1120,110
0,pheromone_router,3,code-snippet,vector_db,small_llm,0.3383484010319495,1150,105
0,pheromone_router,4,math-calculation,vector_db,small_llm,-0.07255258977770734,1150,105
0,pheromone_router,5,math-calculation,vector_db,small_llm,-0.05418955769484987,1150,105
0,pheromone_router,6,math-calculation,web_search,small_llm,-0.1190494296317299,1500,150
0,pheromone_router,7,factual-lookup,knowledge_base,small_llm,0.34564000493959035,1120,110
0,pheromone_router,8,text-summarization,web_search,small_llm,0.28483029604599314,1500,150
0,pheromone_router,9,text-summarization,web_search,small_llm,0.20753537594651367,1500,150
0,pheromone_router,10,factual-lookup,vector_db,small_llm,0.17009114939354955,1150,105
0,pheromone_router,11,factual-lookup,web_search,small_llm,0.18982450596766748,1500,150
0,pheromone_router,12,math-calculation,web_search,small_llm,-0.1262792327276413,1500,150
0,pheromone_router,13,code-snippet,web_search,small_llm,0.23864523957032008,1500,150
0,pheromone_router,14,text-summarization,web_search,small_llm,0.2213069985670843,1500,150
0,pheromone_router,15,math-calculation,web_search,calculator,0.09126971043700344,560,65
0,pheromone_router,16,factual-lookup,web_search,small_llm,0.24931530066367164,1500,150
0,pheromone_router,17,math-calculation,knowledge_base,small_llm,-0.03582776861928799,1120,110
0,pheromone_router,18,factual-lookup,web_search,small_llm,0.26627174345030774,1500,150
0,pheromone_router,19,code-snippet,knowledge_base,small_llm,0.09975881448660365,1120,110
0,pheromone_router,20,code-snippet,knowledge_base,small_llm,0.17252065364035576,1120,110
0,pheromone_router,21,code-snippet,vector_db,regex_processor,0.40597304409186036,230,25
0,pheromone_router,22,factual-lookup,web_search,small_llm,0.2552193795326328,1500,150
0,pheromone_router,23,math-calculation,vector_db,small_llm,-0.06798963434625385,1150,105
0,pheromone_router,24,code-snippet,vector_db,regex_processor,0.43255135599866196,230,25
0,pheromone_router,25,text-summarization,web_search,small_llm,0.20946409882309774,1500,150
0,pheromone_router,26,math-calculation,web_search,small_llm,-0.17316739537631926,1500,150
0,pheromone_router,27,factual-lookup,vector_db,small_llm,0.11268042856422403,1150,105
0,pheromone_router,28,text-summarization,web_search,small_llm,0.24750995154701788,1500,150
0,pheromone_router,29,text-summarization,knowledge_base,small_llm,0.27066726267425667,1120,110
0,pheromone_router,30,code-snippet,web_search,regex_processor,0.32134816789258774,580,70
0,pheromone_router,31,code-snippet,vector_db,small_llm,0.3087358512141778,1150,105
0,pheromone_router,32,code-snippet,web_search,regex_processor,0.3067144697730385,580,70
0,pheromone_router,33,factual-lookup,web_search,small_llm,0.2341020385447639,1500,150
0,pheromone_router,34,factual-lookup,web_search,small_llm,0.2835281682381569,1500,150
0,pheromone_router,35,math-calculation,vector_db,small_llm,-0.0065400065619083125,1150,105
0,pheromone_router,36,text-summarization,knowledge_base,small_llm,0.2741512263609208,1120,110
0,pheromone_router,37,text-summarization,web_search,regex_processor,0.013048010327605553,580,70
0,pheromone_router,38,factual-lookup,web_search,small_llm,0.18827064709669905,1500,150
0,pheromone_router,39,factual-lookup,web_search,small_llm,0.23244801003583654,1500,150
0,pheromone_router,40,math-calculation,web_search,small_llm,-0.14789505957539456,1500,150
0,pheromone_router,41,code-snippet,web_search,small_llm,0.1846502374183896,1500,150
0,pheromone_router,42,code-snippet,vector_db,small_llm,0.3302598273769273,1150,105
0,pheromone_router,43,text-summarization,vector_db,small_llm,0.456183542722309,1150,105
0,pheromone_router,44,math-calculation,web_search,small_llm,-0.15545446520576134,1500,150
0,pheromone_router,45,factual-lookup,web_search,calculator,0.0030949466858038593,560,65
0,pheromone_router,46,text-summarization,knowledge_base,small_llm,0.2071755316792979,1120,110
0,pheromone_router,47,factual-lookup,web_search,small_llm,0.2071908500929021,1500,150
0,pheromone_router,48,text-summarization,web_search,small_llm,0.22879501829954957,1500,150
0,pheromone_router,49,factual-lookup,knowledge_base,small_llm,0.25321583253034186,1120,110
0,pheromone_router,50,text-summarization,knowledge_base,small_llm,0.298352543805232,1120,110
0,pheromone_router,51,math-calculation,knowledge_base,small_llm,-0.055035936192387586,1120,110
0,pheromone_router,52,code-snippet,web_search,small_llm,0.12349888533997389,1500,150
0,pheromone_router,53,math-calculation,vector_db,small_llm,-0.06049145510895501,1150,105
0,pheromone_router,54,math-calculation,vector_db,regex_processor,0.08750655962166128,230,25
0,pheromone_router,55,math-calculation,knowledge_base,small_llm,-0.014390251008183641,1120,110
0,pheromone_router,56,math-calculation,vector_db,small_llm,-0.04816919723257129,1150,105
0,pheromone_router,57,text-summarization,knowledge_base,regex_processor,0.11920558933587773,200,30
0,pheromone_router,58,code-snippet,web_search,regex_processor,0.22606975965546006,580,70
0,pheromone_router,59,text-summarization,web_search,small_llm,0.2303178933858025,1500,150
0,pheromone_router,60,code-snippet,vector_db,small_llm,0.4787855109959468,1150,105
0,pheromone_router,61,math-calculation,vector_db,regex_processor,0.10558491920686898,230,25
0,pheromone_router,62,factual-lookup,knowledge_base,small_llm,0.20287958104434936,1120,110
0,pheromone_router,63,factual-lookup,web_search,small_llm,0.3124861656144093,1500,150
0,pheromone_router,64,code-snippet,vector_db,small_llm,0.3429911225639314,1150,105
0,pheromone_router,65,code-snippet,web_search,small_llm,0.1744222692469063,1500,150
0,pheromone_router,66,text-summarization,web_search,small_llm,0.16885886529886168,1500,150
0,pheromone_router,67,factual-lookup,knowledge_base,small_llm,0.2574507851337774,1120,110
0,pheromone_router,68,text-summarization,knowledge_base,small_llm,0.2663734319114166,1120,110
0,pheromone_router,69,factual-lookup,knowledge_base,small_llm,0.21986642384263125,1120,110
0,pheromone_router,70,text-summarization,web_search,small_llm,0.27878737832360606,1500,150
0,pheromone_router,71,code-snippet,web_search,small_llm,0.07394802138521683,1500,150
0,pheromone_router,72,factual-lookup,web_search,small_llm,0.24587273711007945,1500,150
0,pheromone_router,73,math-calculation,web_search,small_llm,-0.1840912123501994,1500,150
0,pheromone_router,74,math-calculation,knowledge_base,small_llm,-0.040814395954829635,1120,110
0,pheromone_router,75,text-summarization,vector_db,small_llm,0.5412651336689095,1150,105
0,pheromone_router,76,text-summarization,web_search,small_llm,0.30299495067996224,1500,150
0,pheromone_router,77,text-summarization,web_search,small_llm,0.23593517663354185,1500,150
0,pheromone_router,78,factual-lookup,web_search,small_llm,0.22482096761644904,1500,150
0,pheromone_router,79,math-calculation,vector_db,regex_processor,0.06993857803309446,230,25
0,pheromone_router,80,code-snippet,knowledge_base,small_llm,0.12590926129977045,1120,110
0,pheromone_router,81,factual-lookup,vector_db,small_llm,0.1795434512112716,1150,105
0,pheromone_router,82,code-snippet,web_search,small_llm,0.16753850011245863,1500,150
0,pheromone_router,83,text-summarization,vector_db,small_llm,0.5467103041796122,1150,105
0,pheromone_router,84,math-calculation,vector_db,calculator,0.23612633885933784,210,20
0,pheromone_router,85,text-summarization,knowledge_base,small_llm,0.2150987905447351,1120,110
0,pheromone_router,86,code-snippet,web_search,small_llm,0.1652087349168584,1500,150
0,pheromone_router,87,code-snippet,web_search,small_llm,0.27696814493303284,1500,150
0,pheromone_router,88,factual-lookup,web_search,regex_processor,0.05285393602696356,580,70
0,pheromone_router,89,factual-lookup,vector_db,small_llm,0.27407276968773175,1150,105
0,pheromone_router,90,factual-lookup,vector_db,small_llm,0.20176779680923,1150,105
0,pheromone_router,91,code-snippet,web_search,small_llm,0.33773066179344907,1500,150
0,pheromone_router,92,math-calculation,knowledge_base,small_llm,-0.0419976646360834,1120,110
0,pheromone_router,93,math-calculation,vector_db,small_llm,-0.08303561045593671,1150,105
0,pheromone_router,94,text-summarization,knowledge_base,small_llm,0.294641502395361,1120,110
0,pheromone_router,95,math-calculation,knowledge_base,regex_processor,0.11306535004123212,200,30
0,pheromone_router,96,code-snippet,web_search,small_llm,0.20770892590901874,1500,150
0,pheromone_router,97,text-summarization,knowledge_base,small_llm,0.23914169781596642,1120,110
0,pheromone_router,98,math-calculation,web_search,regex_processor,-0.003932803795730411,580,70
0,pheromone_router,99,code-snippet,web_search,regex_processor,0.26000950876233586,580,70
1,pheromone_router,0,factual-lookup,web_search,small_llm,0.3014846512442286,1500,150
1,pheromone_router,1,text-summarization,knowledge_base,small_llm,0.28448330464303817,1120,110
1,pheromone_router,2,code-snippet,web_search,regex_processor,0.26670461914665783,580,70
1,pheromone_router,3,code-snippet,vector_db,small_llm,0.3655850752472365,1150,105
1,pheromone_router,4,math-calculation,web_search,regex_processor,-0.0288738722246569,580,70
1,pheromone_router,5,math-calculation,vector_db,small_llm,-0.05606412723397797,1150,105
1,pheromone_router,6,math-calculation,vector_db,small_llm,-0.06092916040598617,1150,105
1,pheromone_router,7,factual-lookup,web_search,small_llm,0.24312743035696943,1500,150
1,pheromone_router,8,text-summarization,vector_db,small_llm,0.48853407832497986,1150,105
1,pheromone_router,9,text-summarization,web_search,small_llm,0.14059548658287524,1500,150
1,pheromone_router,10,factual-lookup,knowledge_base,small_llm,0.2743032338187965,1120,110
1,pheromone_router,11,factual-lookup,web_search,small_llm,0.35328167483226697,1500,150
1,pheromone_router,12,math-calculation,vector_db,regex_processor,0.08121742492549393,230,25
1,pheromone_router,13,code-snippet,web_search,small_llm,0.1439445227768104,1500,150
1,pheromone_router,14,text-summarization,knowledge_base,small_llm,0.2971853904581113,1120,110
1,pheromone_router,15,math-calculation,knowledge_base,small_llm,-0.02714246340582485,1120,110
1,pheromone_router,16,factual-lookup,knowledge_base,small_llm,0.2670375188234706,1120,110
1,pheromone_router,17,math-calculation,web_search,small_llm,-0.16128739483785404,1500,150
1,pheromone_router,18,factual-lookup,web_search,small_llm,0.3072128544030412,1500,150
1,pheromone_router,19,code-snippet,web_search,small_llm,0.22556881969630388,1500,150
1,pheromone_router,20,code-snippet,web_search,small_llm,0.29562391864657594,1500,150
1,pheromone_router,21,code-snippet,knowledge_base,small_llm,0.056307130388694254,1120,110
1,pheromone_router,22,factual-lookup,web_search,small_llm,0.21857491971703152,1500,150
1,pheromone_router,23,math-calculation,web_search,calculator,0.12932574929348745,560,65
1,pheromone_router,24,code-snippet,web_search,small_llm,0.24503845756146653,1500,150
1,pheromone_router,25,text-summarization,web_search,small_llm,0.23544469833416176,1500,150
1,pheromone_router,26,math-calculation,knowledge_base,small_llm,-0.06185005374993041,1120,110
1,pheromone_router,27,factual-lookup,web_search,small_llm,0.2815988965065958,1500,150
1,pheromone_router,28,text-summarization,web_search,small_llm,0.1971897554969011,1500,150
1,pheromone_router,29,text-summarization,knowledge_base,small_llm,0.14920608540728067,1120,110
1,pheromone_router,30,code-snippet,vector_db,regex_processor,0.39280979817768374,230,25
1,pheromone_router,31,code-snippet,vector_db,small_llm,0.37292922754013613,1150,105
1,pheromone_router,32,code-snippet,web_search,small_llm,0.11226258081852586,1500,150
1,pheromone_router,33,factual-lookup,knowledge_base,small_llm,0.24572939364277516,1120,110
1,pheromone_router,34,factual-lookup,web_search,small_llm,0.23700003818594345,1500,150
1,pheromone_router,35,math-calculation,web_search,small_llm,-0.1956779386807157,1500,150
1,pheromone_router,36,text-summarization,web_search,small_llm,0.18429960404482926,1500,150
1,pheromone_router,37,text-summarization,knowledge_base,small_llm,0.2475670698066729,1120,110
1,pheromone_router,38,factual-lookup,knowledge_base,small_llm,0.19800771581892593,1120,110
1,pheromone_router,39,factual-lookup,web_search,small_llm,0.30247480074860317,1500,150
1,pheromone_router,40,math-calculation,knowledge_base,calculator,0.3158686710861135,180,25
1,pheromone_router,41,code-snippet,vector_db,small_llm,0.32121983232017604,1150,105
1,pheromone_router,42,code-snippet,knowledge_base,small_llm,0.10177900757768163,1120,110
1,pheromone_router,43,text-summarization,web_search,small_llm,0.16474097758201867,1500,150
1,pheromone_router,44,math-calculation,vector_db,regex_processor,0.0420216186876151,230,25
1,pheromone_router,45,factual-lookup,web_search,small_llm,0.2688002624309707,1500,150
1,pheromone_router,46,text-summarization,knowledge_base,small_llm,0.24670467381791786,1120,110
1,pheromone_router,47,factual-lookup,web_search,small_llm,0.3269625369173517,1500,150
1,pheromone_router,48,text-summarization,web_search,small_llm,0.22087104255493933,1500,150
1,pheromone_router,49,factual-lookup,vector_db,small_llm,0.18980113905539112,1150,105
1,pheromone_router,50,text-summarization,knowledge_base,small_llm,0.276320562186833,1120,110
1,pheromone_router,51,math-calculation,vector_db,small_llm,-0.07780727703413148,1150,105
1,pheromone_router,52,code-snippet,knowledge_base,small_llm,0.12387733239218643,1120,110
1,pheromone_router,53,math-calculation,web_search,regex_processor,-0.04351144010595791,580,70
1,pheromone_router,54,math-calculation,knowledge_base,calculator,0.2369340899950474,180,25
1,pheromone_router,55,math-calculation,knowledge_base,regex_processor,0.06843592589825057,200,30
1,pheromone_router,56,math-calculation,web_search,small_llm,-0.15395638519377014,1500,150
1,pheromone_router,57,text-summarization,web_search,small_llm,0.1707891221901498,1500,150
1,pheromone_router,58,code-snippet,web_search,small_llm,0.1808341276118583,1500,150
1,pheromone_router,59,text-summarization,knowledge_base,small_llm,0.26745439738463794,1120,110
1,pheromone_router,60,code-snippet,vector_db,regex_processor,0.3727758271574513,230,25
1,pheromone_router,61,math-calculation,knowledge_base,small_llm,-0.04866695780852873,1120,110
1,pheromone_router,62,factual-lookup,vector_db,small_llm,0.22324164501004376,1150,105
1,pheromone_router,63,factual-lookup,web_search,small_llm,0.2658768662567433,1500,150
1,pheromone_router,64,code-snippet,vector_db,small_llm,0.26179594906311,1150,105
1,pheromone_router,65,code-snippet,vector_db,regex_processor,0.4273758623218455,230,25
1,pheromone_router,66,text-summarization,knowledge_base,small_llm,0.3260989088463879,1120,110
1,pheromone_router,67,factual-lookup,knowledge_base,small_llm,0.2576982709729818,1120,110
1,pheromone_router,68,text-summarization,vector_db,small_llm,0.5090634202427777,1150,105
1,pheromone_router,69,factual-lookup,web_search,regex_processor,0.12542448217218943,580,70
1,pheromone_router,70,text-summarization,web_search,small_llm,0.22424568429899033,1500,150
1,pheromone_router,71,code-snippet,vector_db,small_llm,0.2976180794551655,1150,105
1,pheromone_router,72,factual-lookup,web_search,small_llm,0.3377944372916096,1500,150
1,pheromone_router,73,math-calculation,web_search,small_llm,-0.1272625676685673,1500,150
1,pheromone_router,74,math-calculation,knowledge_base,small_llm,-0.06545079490699854,1120,110
1,pheromone_router,75,text-summarization,knowledge_base,small_llm,0.2411358266116709,1120,110
1,pheromone_router,76,text-summarization,knowledge_base,small_llm,0.27853477685113504,1120,110
1,pheromone_router,77,text-summarization,knowledge_base,small_llm,0.2347335023196309,1120,110
1,pheromone_router,78,factual-lookup,knowledge_base,small_llm,0.3684885947611105,1120,110
1,pheromone_router,79,math-calculation,web_search,small_llm,-0.15782409675985523,1500,150
1,pheromone_router,80,code-snippet,web_search,small_llm,0.17963945225807015,1500,150
1,pheromone_router,81,factual-lookup,knowledge_base,small_llm,0.2568428080098274,1120,110
1,pheromone_router,82,code-snippet,vector_db,small_llm,0.38276009175528125,1150,105
1,pheromone_router,83,text-summarization,web_search,small_llm,0.20897435588986296,1500,150
1,pheromone_router,84,math-calculation,vector_db,small_llm,-0.07166883111580943,1150,105
1,pheromone_router,85,text-summarization,knowledge_base,small_llm,0.16466225012543964,1120,110
1,pheromone_router,86,code-snippet,web_search,small_llm,0.17946998232982148,1500,150
1,pheromone_router,87,code-snippet,vector_db,small_llm,0.39765573152083644,1150,105
1,pheromone_router,88,factual-lookup,vector_db,small_llm,0.24323294463365155,1150,105
1,pheromone_router,89,factual-lookup,knowledge_base,small_llm,0.3906774604777503,1120,110
1,pheromone_router,90,factual-lookup,web_search,small_llm,0.20549118933188532,1500,150
1,pheromone_router,91,code-snippet,web_search,small_llm,0.18922428931936258,1500,150
1,pheromone_router,92,math-calculation,vector_db,small_llm,-0.02947341365082895,1150,105
1,pheromone_router,93,math-calculation,web_search,small_llm,-0.20351029470873533,1500,150
1,pheromone_router,94,text-summarization,knowledge_base,small_llm,0.20321770297771194,1120,110
1,pheromone_router,95,math-calculation,vector_db,small_llm,-0.04313944912175968,1150,105
1,pheromone_router,96,code-snippet,vector_db,small_llm,0.3656892798660697,1150,105
1,pheromone_router,97,text-summarization,knowledge_base,small_llm,0.29479220525124306,1120,110
1,pheromone_router,98,math-calculation,web_search,small_llm,-0.20981004998535968,1500,150
1,pheromone_router,99,code-snippet,vector_db,small_llm,0.40288525142241205,1150,105
2,pheromone_router,0,factual-lookup,knowledge_base,regex_processor,0.15045446642424082,200,30
2,pheromone_router,1,text-summarization,knowledge_base,small_llm,0.25837526361266927,1120,110
2,pheromone_router,2,code-snippet,web_search,small_llm,0.2104295369443719,1500,150
2,pheromone_router,3,code-snippet,knowledge_base,small_llm,0.16283590124459976,1120,110
2,pheromone_router,4,math-calculation,web_search,calculator,0.19823056790040988,560,65
2,pheromone_router,5,math-calculation,web_search,small_llm,-0.12852938009700876,1500,150
2,pheromone_router,6,math-calculation,vector_db,small_llm,-0.06413361081641825,1150,105
2,pheromone_router,7,factual-lookup,vector_db,small_llm,0.22758856041238942,1150,105
2,pheromone_router,8,text-summarization,knowledge_base,small_llm,0.329743311996477,1120,110
2,pheromone_router,9,text-summarization,web_search,small_llm,0.3095252897779264,1500,150
2,pheromone_router,10,factual-lookup,knowledge_base,regex_processor,0.13391691779075698,200,30
2,pheromone_router,11,factual-lookup,knowledge_base,small_llm,0.2361998644866489,1120,110
2,pheromone_router,12,math-calculation,vector_db,small_llm,-0.056190441131430485,1150,105
2,pheromone_router,13,code-snippet,vector_db,small_llm,0.3801034254335506,1150,105
2,pheromone_router,14,text-summarization,vector_db,regex_processor,0.1723794339267516,230,25
2,pheromone_router,15,math-calculation,vector_db,small_llm,-0.012865967353495406,1150,105
2,pheromone_router,16,factual-lookup,vector_db,small_llm,0.17761577871007986,1150,105
2,pheromone_router,17,math-calculation,vector_db,small_llm,-0.052950544258570875,1150,105
2,pheromone_router,18,factual-lookup,vector_db,small_llm,0.21910182661846897,1150,105
2,pheromone_router,19,code-snippet,web_search,regex_processor,0.1988376221853051,580,70
2,pheromone_router,20,code-snippet,knowledge_base,small_llm,0.1166494847068871,1120,110
2,pheromone_router,21,code-snippet,web_search,small_llm,0.1433933744711282,1500,150
2,pheromone_router,22,factual-lookup,web_search,small_llm,0.3130180209037002,1500,150
2,pheromone_router,23,math-calculation,vector_db,calculator,0.2367771587147228,210,20
2,pheromone_router,24,code-snippet,vector_db,small_llm,0.2895252349460996,1150,105
2,pheromone_router,25,text-summarization,web_search,small_llm,0.2599461901665659,1500,150
2,pheromone_router,26,math-calculation,knowledge_base,small_llm,-0.05876569738780041,1120,110
2,pheromone_router,27,factual-lookup,knowledge_base,small_llm,0.2440844733957996,1120,110
2,pheromone_router,28,text-summarization,vector_db,small_llm,0.5655710742351251,1150,105
2,pheromone_router,29,text-summarization,vector_db,small_llm,0.41397253773061293,1150,105
2,pheromone_router,30,code-snippet,web_search,regex_processor,0.2515573166095172,580,70
2,pheromone_router,31,code-snippet,web_search,small_llm,0.16575687865364652,1500,150
2,pheromone_router,32,code-snippet,web_search,small_llm,0.20707399703672374,1500,150
2,pheromone_router,33,factual-lookup,knowledge_base,small_llm,0.24452457956719778,1120,110
2,pheromone_router,34,factual-lookup,vector_db,small_llm,0.17184408733152842,1150,105
2,pheromone_router,35,math-calculation,vector_db,small_llm,-0.05172121014455158,1150,105
2,pheromone_router,36,text-summarization,knowledge_base,small_llm,0.265684719385472,1120,110
2,pheromone_router,37,text-summarization,knowledge_base,small_llm,0.3373926654178492,1120,110
2,pheromone_router,38,factual-lookup,vector_db,small_llm,0.12485794642051481,1150,105
2,pheromone_router,39,factual-lookup,knowledge_base,small_llm,0.3223395033473757,1120,110
2,pheromone_router,40,math-calculation,vector_db,small_llm,-0.06843409036423448,1150,105
2,pheromone_router,41,code-snippet,vector_db,small_llm,0.2804770309787805,1150,105
2,pheromone_router,42,code-snippet,knowledge_base,small_llm,0.07604651930446707,1120,110
2,pheromone_router,43,text-summarization,knowledge_base,regex_processor,0.09713697228208733,200,30
2,pheromone_router,44,math-calculation,knowledge_base,small_llm,0.00466924931206561,1120,110
2,pheromone_router,45,factual-lookup,knowledge_base,regex_processor,0.07224875284420597,200,30
2,pheromone_router,46,text-summarization,web_search,small_llm,0.14084101587586045,1500,150
2,pheromone_router,47,factual-lookup,vector_db,small_llm,0.19885725549744668,1150,105
2,pheromone_router,48,text-summarization,knowledge_base,small_llm,0.13056083868858911,1120,110
2,pheromone_router,49,factual-lookup,web_search,small_llm,0.23378683201715517,1500,150
2,pheromone_router,50,text-summarization,knowledge_base,small_llm,0.2407787852235773,1120,110
2,pheromone_router,51,math-calculation,vector_db,small_llm,-0.06819508710469585,1150,105
2,pheromone_router,52,code-snippet,vector_db,small_llm,0.396022576096258,1150,105
2,pheromone_router,53,math-calculation,web_search,small_llm,-0.14536985996042667,1500,150
2,pheromone_router,54,math-calculation,knowledge_base,regex_processor,0.09602946777518055,200,30
2,pheromone_router,55,math-calculation,vector_db,small_llm,-0.061279053690877244,1150,105
2,pheromone_router,56,math-calculation,vector_db,regex_processor,0.046692428181043966,230,25
2,pheromone_router,57,text-summarization,web_search,small_llm,0.22239306129289854,1500,150
2,pheromone_router,58,code-snippet,knowledge_base,small_llm,0.15902114165027645,1120,110
2,pheromone_router,59,text-summarization,knowledge_base,small_llm,0.328581088993122,1120,110
2,pheromone_router,60,code-snippet,web_search,small_llm,0.21018169006422444,1500,150
2,pheromone_router,61,math-calculation,vector_db,small_llm,-0.059685433961142925,1150,105
2,pheromone_router,62,factual-lookup,knowledge_base,small_llm,0.19239649508091447,1120,110
2,pheromone_router,63,factual-lookup,web_search,small_llm,0.22380977150143738,1500,150
2,pheromone_router,64,code-snippet,web_search,regex_processor,0.3124654431545913,580,70
2,pheromone_router,65,code-snippet,knowledge_base,small_llm,0.08330760001869017,1120,110
2,pheromone_router,66,text-summarization,knowledge_base,small_llm,0.2971351665264764,1120,110
2,pheromone_router,67,factual-lookup,knowledge_base,small_llm,0.2349699151028539,1120,110
2,pheromone_router,68,text-summarization,web_search,small_llm,0.13289659291237615,1500,150
2,pheromone_router,69,factual-lookup,knowledge_base,small_llm,0.2002354180362423,1120,110
2,pheromone_router,70,text-summarization,knowledge_base,small_llm,0.28276150156612134,1120,110
2,pheromone_router,71,code-snippet,web_search,calculator,-0.01435560011469543,560,65
2,pheromone_router,72,factual-lookup,knowledge_base,small_llm,0.24724108754711813,1120,110
2,pheromone_router,73,math-calculation,knowledge_base,small_llm,0.024511412956420203,1120,110
2,pheromone_router,74,math-calculation,knowledge_base,small_llm,-0.013822247523874093,1120,110
2,pheromone_router,75,text-summarization,knowledge_base,small_llm,0.2891202905675273,1120,110
2,pheromone_router,76,text-summarization,knowledge_base,small_llm,0.19515565055811393,1120,110
2,pheromone_router,77,text-summarization,knowledge_base,small_llm,0.18034991212074228,1120,110
2,pheromone_router,78,factual-lookup,knowledge_base,small_llm,0.23851123666755633,1120,110
2,pheromone_router,79,math-calculation,web_search,regex_processor,-0.010383316205363313,580,70
2,pheromone_router,80,code-snippet,web_search,small_llm,0.2772206310398771,1500,150
2,pheromone_router,81,factual-lookup,vector_db,small_llm,0.18886173722954644,1150,105
2,pheromone_router,82,code-snippet,vector_db,small_llm,0.3474815660243017,1150,105
2,pheromone_router,83,text-summarization,web_search,small_llm,0.22867670695962555,1500,150
2,pheromone_router,84,math-calculation,knowledge_base,small_llm,0.001304751938718235,1120,110
2,pheromone_router,85,text-summarization,vector_db,small_llm,0.44033196589096013,1150,105
2,pheromone_router,86,code-snippet,knowledge_base,small_llm,0.07312728613777816,1120,110
2,pheromone_router,87,code-snippet,vector_db,small_llm,0.2942140947389298,1150,105
2,pheromone_router,88,factual-lookup,web_search,small_llm,0.34217483424514933,1500,150
2,pheromone_router,89,factual-lookup,vector_db,small_llm,0.18875179086524715,1150,105
2,pheromone_router,90,factual-lookup,vector_db,small_llm,0.20749351371207345,1150,105
2,pheromone_router,91,code-snippet,web_search,small_llm,0.173002462878395,1500,150
2,pheromone_router,92,math-calculation,vector_db,small_llm,-0.048194957694547125,1150,105
2,pheromone_router,93,math-calculation,knowledge_base,small_llm,-0.05024628729550393,1120,110
2,pheromone_router,94,text-summarization,web_search,small_llm,0.2255907045083097,1500,150
2,pheromone_router,95,math-calculation,vector_db,small_llm,-0.08095352189278698,1150,105
2,pheromone_router,96,code-snippet,web_search,small_llm,0.16298489780267778,1500,150
2,pheromone_router,97,text-summarization,web_search,small_llm,0.2669810676585959,1500,150
2,pheromone_router,98,math-calculation,knowledge_base,small_llm,-0.023276731238942472,1120,110
2,pheromone_router,99,code-snippet,knowledge_base,small_llm,0.10689637171980862,1120,110
3,pheromone_router,0,factual-lookup,knowledge_base,regex_processor,0.10533174963055421,200,30
3,pheromone_router,1,text-summarization,knowledge_base,small_llm,0.20384936095430425,1120,110
3,pheromone_router,2,code-snippet,vector_db,regex_processor,0.362946013417856,230,25
3,pheromone_router,3,code-snippet,vector_db,regex_processor,0.39139850929675213,230,25
3,pheromone_router,4,math-calculation,vector_db,calculator,0.35575440170494266,210,20
3,pheromone_router,5,math-calculation,knowledge_base,regex_processor,0.08570039447375975,200,30
3,pheromone_router,6,math-calculation,vector_db,small_llm,-0.02206153627876334,1150,105
3,pheromone_router,7,factual-lookup,web_search,small_llm,0.300691252495993,1500,150
3,pheromone_router,8,text-summarization,knowledge_base,small_llm,0.32202718155457755,1120,110
3,pheromone_router,9,text-summarization,knowledge_base,small_llm,0.23171912282590976,1120,110
3,pheromone_router,10,factual-lookup,web_search,small_llm,0.17490565155202303,1500,150
3,pheromone_router,11,factual-lookup,knowledge_base,small_llm,0.20013301703766592,1120,110
3,pheromone_router,12,math-calculation,web_search,calculator,0.09804009211130099,560,65
3,pheromone_router,13,code-snippet,web_search,small_llm,0.25944355514186984,1500,150
3,pheromone_router,14,text-summarization,vector_db,small_llm,0.5142638650478384,1150,105
3,pheromone_router,15,math-calculation,vector_db,small_llm,-0.0926112711577641,1150,105
3,pheromone_router,16,factual-lookup,knowledge_base,small_llm,0.23310761726874216,1120,110
3,pheromone_router,17,math-calculation,vector_db,regex_processor,0.06536556700945012,230,25
3,pheromone_router,18,factual-lookup,knowledge_base,small_llm,0.3362827423475663,1120,110
3,pheromone_router,19,code-snippet,knowledge_base,small_llm,0.05989499017494901,1120,110
3,pheromone_router,20,code-snippet,web_search,small_llm,0.15581992970794756,1500,150
3,pheromone_router,21,code-snippet,vector_db,small_llm,0.38043744995255,1150,105
3,pheromone_router,22,factual-lookup,knowledge_base,small_llm,0.2818130292687565,1120,110
3,pheromone_router,23,math-calculation,vector_db,small_llm,-0.08034904608124102,1150,105
3,pheromone_router,24,code-snippet,vector_db,small_llm,0.27947294531081435,1150,105
3,pheromone_router,25,text-summarization,web_search,small_llm,0.22675198780699563,1500,150
3,pheromone_router,26,math-calculation,knowledge_base,calculator,0.26976033703175717,180,25
3,pheromone_router,27,factual-lookup,web_search,calculator,0.018652638108453634,560,65
3,pheromone_router,28,text-summarization,web_search,small_llm,0.12620205571292187,1500,150
3,pheromone_router,29,text-summarization,knowledge_base,small_llm,0.2945595284632745,1120,110
3,pheromone_router,30,code-snippet,knowledge_base,small_llm,0.13507929860229798,1120,110
3,pheromone_router,31,code-snippet,knowledge_base,small_llm,0.09053277492878406,1120,110
3,pheromone_router,32,code-snippet,web_search,small_llm,0.256749872331618,1500,150
3,pheromone_router,33,factual-lookup,web_search,small_llm,0.24161046776182943,1500,150
3,pheromone_router,34,factual-lookup,web_search,small_llm,0.20062361500126863,1500,150
3,pheromone_router,35,math-calculation,knowledge_base,small_llm,-0.012847957688684769,1120,110
3,pheromone_router,36,text-summarization,web_search,small_llm,0.19237711550728076,1500,150
3,pheromone_router,37,text-summarization,knowledge_base,regex_processor,0.06777807574574567,200,30
3,pheromone_router,38,factual-lookup,vector_db,small_llm,0.10993960247943771,1150,105
3,pheromone_router,39,factual-lookup,knowledge_base,small_llm,0.20875894943006926,1120,110
3,pheromone_router,40,math-calculation,web_search,small_llm,-0.20715479754055774,1500,150
3,pheromone_router,41,code-snippet,web_search,small_llm,0.15706049743483985,1500,150
3,pheromone_router,42,code-snippet,vector_db,small_llm,0.44972741035527863,1150,105
3,pheromone_router,43,text-summarization,knowledge_base,small_llm,0.3662571021673452,1120,110
3,pheromone_router,44,math-calculation,vector_db,small_llm,-0.005713440710119838,1150,105
3,pheromone_router,45,factual-lookup,web_search,small_llm,0.26337604211894644,1500,150
3,pheromone_router,46,text-summarization,knowledge_base,small_llm,0.2518303990297238,1120,110
3,pheromone_router,47,factual-lookup,knowledge_base,small_llm,0.3421806462675142,1120,110
3,pheromone_router,48,text-summarization,knowledge_base,small_llm,0.2555425004828512,1120,110
3,pheromone_router,49,factual-lookup,web_search,small_llm,0.310206990968886,1500,150
3,pheromone_router,50,text-summarization,knowledge_base,small_llm,0.3373660238796454,1120,110
3,pheromone_router,51,math-calculation,web_search,small_llm,-0.23207803248595532,1500,150
3,pheromone_router,52,code-snippet,vector_db,small_llm,0.33147639391611905,1150,105
3,pheromone_router,53,math-calculation,knowledge_base,regex_processor,0.09646266024011797,200,30
3,pheromone_router,54,math-calculation,vector_db,small_llm,-0.038397617578157295,1150,105
3,pheromone_router,55,math-calculation,vector_db,small_llm,-0.0707912980452701,1150,105
3,pheromone_router,56,math-calculation,web_search,small_llm,-0.15942369801059328,1500,150
3,pheromone_router,57,text-summarization,web_search,small_llm,0.28890036710474526,1500,150
3,pheromone_router,58,code-snippet,web_search,small_llm,0.2229678815510709,1500,150
3,pheromone_router,59,text-summarization,knowledge_base,small_llm,0.20446840888866588,1120,110
3,pheromone_router,60,code-snippet,web_search,small_llm,0.2641825358188353,1500,150
3,pheromone_router,61,math-calculation,knowledge_base,small_llm,-0.050259518470764875,1120,110
3,pheromone_router,62,factual-lookup,web_search,small_llm,0.20947611580449294,1500,150
3,pheromone_router,63,factual-lookup,knowledge_base,calculator,0.04030008251186279,180,25
3,pheromone_router,64,code-snippet,web_search,small_llm,0.21805186630130452,1500,150
3,pheromone_router,65,code-snippet,web_search,small_llm,0.23054499590459937,1500,150
3,pheromone_router,66,text-summarization,knowledge_base,small_llm,0.27891726820758034,1120,110
3,pheromone_router,67,factual-lookup,knowledge_base,small_llm,0.2698701799842843,1120,110
3,pheromone_router,68,text-summarization,knowledge_base,small_llm,0.19708465202697953,1120,110
3,pheromone_router,69,factual-lookup,web_search,small_llm,0.37147474801176,1500,150
3,pheromone_router,70,text-summarization,vector_db,small_llm,0.5357477948066738,1150,105
3,pheromone_router,71,code-snippet,web_search,small_llm,0.23362793622458938,1500,150
3,pheromone_router,72,factual-lookup,vector_db,calculator,0.05085300018136108,210,20
3,pheromone_router,73,math-calculation,knowledge_base,small_llm,-0.023710822084570288,1120,110
3,pheromone_router,74,math-calculation,vector_db,small_llm,-0.07008851991517867,1150,105
3,pheromone_router,75,text-summarization,web_search,small_llm,0.16670336266350472,1500,150
3,pheromone_router,76,text-summarization,knowledge_base,small_llm,0.2958385059490046,1120,110
3,pheromone_router,77,text-summarization,web_search,calculator,-0.09603813189472728,560,65
3,pheromone_router,78,factual-lookup,web_search,small_llm,0.3019385727685235,1500,150
3,pheromone_router,79,math-calculation,knowledge_base,small_llm,-0.037297067006291484,1120,110
3,pheromone_router,80,code-snippet,web_search,small_llm,0.22929563881728904,1500,150
3,pheromone_router,81,factual-lookup,knowledge_base,small_llm,0.25814037418302693,1120,110
3,pheromone_router,82,code-snippet,web_search,small_llm,0.11087453079107767,1500,150
3,pheromone_router,83,text-summarization,knowledge_base,small_llm,0.18648828859313785,1120,110
3,pheromone_router,84,math-calculation,knowledge_base,small_llm,-0.025836508645823236,1120,110
3,pheromone_router,85,text-summarization,knowledge_base,small_llm,0.3040748725526716,1120,110
3,pheromone_router,86,code-snippet,knowledge_base,small_llm,0.13168647104989903,1120,110
3,pheromone_router,87,code-snippet,web_search,small_llm,0.20415031776054532,1500,150
3,pheromone_router,88,factual-lookup,knowledge_base,small_llm,0.26765271215765496,1120,110
3,pheromone_router,89,factual-lookup,knowledge_base,small_llm,0.24278538889987708,1120,110
3,pheromone_router,90,factual-lookup,knowledge_base,regex_processor,0.16088130060480615,200,30
3,pheromone_router,91,code-snippet,web_search,regex_processor,0.29920044931751777,580,70
3,pheromone_router,92,math-calculation,knowledge_base,small_llm,-0.000899060085844422,1120,110
3,pheromone_router,93,math-calculation,web_search,small_llm,-0.13391309937432794,1500,150
3,pheromone_router,94,text-summarization,vector_db,small_llm,0.5301568047551858,1150,105
3,pheromone_router,95,math-calculation,vector_db,small_llm,-0.06027444553600861,1150,105
3,pheromone_router,96,code-snippet,web_search,small_llm,0.19639926820973752,1500,150
3,pheromone_router,97,text-summarization,vector_db,small_llm,0.5002815331766801,1150,105
3,pheromone_router,98,math-calculation,knowledge_base,small_llm,-0.046703834951594275,1120,110
3,pheromone_router,99,code-snippet,knowledge_base,small_llm,0.19456347258688841,1120,110
4,pheromone_router,0,factual-lookup,vector_db,regex_processor,0.10843348367930337,230,25
4,pheromone_router,1,text-summarization,knowledge_base,small_llm,0.19759061079068055,1120,110
4,pheromone_router,2,code-snippet,web_search,small_llm,0.17548379972756184,1500,150
4,pheromone_router,3,code-snippet,web_search,small_llm,0.17898670085725804,1500,150
4,pheromone_router,4,math-calculation,vector_db,small_llm,-0.08683931299071163,1150,105
4,pheromone_router,5,math-calculation,vector_db,regex_processor,0.05368136519731788,230,25
4,pheromone_router,6,math-calculation,vector_db,small_llm,-0.07958382614206594,1150,105
4,pheromone_router,7,factual-lookup,vector_db,small_llm,0.1592976784385388,1150,105
4,pheromone_router,8,text-summarization,knowledge_base,regex_processor,0.1221680383587584,200,30
4,pheromone_router,9,text-summarization,web_search,small_llm,0.17001259881510616,1500,150
4,pheromone_router,10,factual-lookup,vector_db,small_llm,0.26724557477783817,1150,105
4,pheromone_router,11,factual-lookup,knowledge_base,small_llm,0.22293617955707315,1120,110
4,pheromone_router,12,math-calculation,knowledge_base,small_llm,-0.08107642970261747,1120,110
4,pheromone_router,13,code-snippet,vector_db,small_llm,0.36889231219746255,1150,105
4,pheromone_router,14,text-summarization,vector_db,small_llm,0.48117827059686336,1150,105
4,pheromone_router,15,math-calculation,knowledge_base,small_llm,-0.06976709760907651,1120,110
4,pheromone_router,16,factual-lookup,vector_db,small_llm,0.20524769844496973,1150,105
4,pheromone_router,17,math-calculation,vector_db,small_llm,-0.04272280459165964,1150,105
4,pheromone_router,18,factual-lookup,knowledge_base,small_llm,0.28988593197671064,1120,110
4,pheromone_router,19,code-snippet,web_search,calculator,0.018016931641776868,560,65
4,pheromone_router,20,code-snippet,web_search,small_llm,0.27506006500806807,1500,150
4,pheromone_router,21,code-snippet,vector_db,small_llm,0.39423793819264685,1150,105
4,pheromone_router,22,factual-lookup,web_search,small_llm,0.30676301069627937,1500,150
4,pheromone_router,23,math-calculation,knowledge_base,small_llm,-0.025402898808498636,1120,110
4,pheromone_router,24,code-snippet,vector_db,small_llm,0.4252314158950061,1150,105
4,pheromone_router,25,text-summarization,vector_db,small_llm,0.4946787700246912,1150,105
4,pheromone_router,26,math-calculation,knowledge_base,small_llm,-0.052567683901583784,1120,110
4,pheromone_router,27,factual-lookup,vector_db,small_llm,0.17355501763044792,1150,105
4,pheromone_router,28,text-summarization,vector_db,small_llm,0.49565080707644915,1150,105
4,pheromone_router,29,text-summarization,vector_db,small_llm,0.5351901967286752,1150,105
4,pheromone_router,30,code-snippet,vector_db,small_llm,0.4103117823573882,1150,105
4,pheromone_router,31,code-snippet,web_search,small_llm,0.26702704598318144,1500,150
4,pheromone_router,32,code-snippet,web_search,small_llm,0.2635671810136259,1500,150
4,pheromone_router,33,factual-lookup,vector_db,small_llm,0.1761758985701852,1150,105
4,pheromone_router,34,factual-lookup,web_search,small_llm,0.2561048308410749,1500,150
4,pheromone_router,35,math-calculation,vector_db,small_llm,-0.103126629892335,1150,105
4,pheromone_router,36,text-summarization,knowledge_base,small_llm,0.170859758936336,1120,110
4,pheromone_router,37,text-summarization,vector_db,small_llm,0.6015888138296809,1150,105
4,pheromone_router,38,factual-lookup,web_search,small_llm,0.2411949650472916,1500,150
4,pheromone_router,39,factual-lookup,vector_db,small_llm,0.21417818098955912,1150,105
4,pheromone_router,40,math-calculation,vector_db,small_llm,-0.0010840107841035285,1150,105
4,pheromone_router,41,code-snippet,knowledge_base,small_llm,0.05693099674237104,1120,110
4,pheromone_router,42,code-snippet,vector_db,small_llm,0.3348721868091217,1150,105
4,pheromone_router,43,text-summarization,vector_db,regex_processor,0.24241226960448053,230,25
4,pheromone_router,44,math-calculation,vector_db,small_llm,-0.056883461977582456,1150,105
4,pheromone_router,45,factual-lookup,knowledge_base,small_llm,0.36009705991493846,1120,110
4,pheromone_router,46,text-summarization,vector_db,small_llm,0.43599748030550345,1150,105
4,pheromone_router,47,factual-lookup,web_search,small_llm,0.3347414331519936,1500,150
4,pheromone_router,48,text-summarization,web_search,small_llm,0.24842955990800203,1500,150
4,pheromone_router,49,factual-lookup,vector_db,small_llm,0.22696210070402087,1150,105
4,pheromone_router,50,text-summarization,knowledge_base,small_llm,0.31363575036729974,1120,110
4,pheromone_router,51,math-calculation,web_search,small_llm,-0.12257041697879573,1500,150
4,pheromone_router,52,code-snippet,vector_db,calculator,0.05516042400732326,210,20
4,pheromone_router,53,math-calculation,vector_db,small_llm,-0.09351208237598524,1150,105
4,pheromone_router,54,math-calculation,vector_db,small_llm,-0.07586040417272405,1150,105
4,pheromone_router,55,math-calculation,vector_db,calculator,0.2440119782328671,210,20
4,pheromone_router,56,math-calculation,knowledge_base,small_llm,0.01772918850329544,1120,110
4,pheromone_router,57,text-summarization,knowledge_base,small_llm,0.21408659693976442,1120,110
4,pheromone_router,58,code-snippet,web_search,small_llm,0.1598485893804718,1500,150
4,pheromone_router,59,text-summarization,knowledge_base,small_llm,0.29554860276806394,1120,110
4,pheromone_router,60,code-snippet,web_search,small_llm,0.25523615717816167,1500,150
4,pheromone_router,61,math-calculation,knowledge_base,small_llm,-0.08262147075340995,1120,110
4,pheromone_router,62,factual-lookup,vector_db,small_llm,0.263368907127874,1150,105
4,pheromone_router,63,factual-lookup,knowledge_base,regex_processor,0.11938573360954167,200,30
4,pheromone_router,64,code-snippet,web_search,small_llm,0.06733377714209782,1500,150
4,pheromone_router,65,code-snippet,knowledge_base,regex_processor,0.23226170038312816,200,30
4,pheromone_router,66,text-summarization,knowledge_base,small_llm,0.17976758886104746,1120,110
4,pheromone_router,67,factual-lookup,knowledge_base,small_llm,0.27063147558897027,1120,110
4,pheromone_router,68,text-summarization,vector_db,calculator,-0.03306161860825032,210,20
4,pheromone_router,69,factual-lookup,web_search,regex_processor,0.13316941261726423,580,70
4,pheromone_router,70,text-summarization,vector_db,small_llm,0.4552598673341701,1150,105
4,pheromone_router,71,code-snippet,web_search,small_llm,0.218176125594647,1500,150
4,pheromone_router,72,factual-lookup,vector_db,small_llm,0.1950555938662403,1150,105
4,pheromone_router,73,math-calculation,web_search,small_llm,-0.1813012838480867,1500,150
4,pheromone_router,74,math-calculation,vector_db,small_llm,-0.019583400236711984,1150,105
4,pheromone_router,75,text-summarization,knowledge_base,small_llm,0.264760814222909,1120,110
4,pheromone_router,76,text-summarization,web_search,small_llm,0.15881723013959853,1500,150
4,pheromone_router,77,text-summarization,knowledge_base,small_llm,0.24082805601562193,1120,110
4,pheromone_router,78,factual-lookup,web_search,small_llm,0.23309758158939758,1500,150
4,pheromone_router,79,math-calculation,vector_db,small_llm,-0.099347702204708,1150,105
4,pheromone_router,80,code-snippet,web_search,small_llm,0.1853122008218115,1500,150
4,pheromone_router,81,factual-lookup,vector_db,small_llm,0.27333449655061215,1150,105
4,pheromone_router,82,code-snippet,web_search,small_llm,0.11686041207555858,1500,150
4,pheromone_router,83,text-summarization,knowledge_base,small_llm,0.30310228791097327,1120,110
4,pheromone_router,84,math-calculation,knowledge_base,small_llm,-0.01442390359178608,1120,110
4,pheromone_router,85,text-summarization,knowledge_base,small_llm,0.2800141726567693,1120,110
4,pheromone_router,86,code-snippet,vector_db,regex_processor,0.3907519143695237,230,25
4,pheromone_router,87,code-snippet,vector_db,regex_processor,0.43815865289297906,230,25
4,pheromone_router,88,factual-lookup,web_search,calculator,-0.04016976698457324,560,65
4,pheromone_router,89,factual-lookup,knowledge_base,small_llm,0.36760781238175844,1120,110
4,pheromone_router,90,factual-lookup,knowledge_base,small_llm,0.31439328523526056,1120,110
4,pheromone_router,91,code-snippet,web_search,small_llm,0.20785962337664904,1500,150
4,pheromone_router,92,math-calculation,vector_db,regex_processor,0.05916301533682437,230,25
4,pheromone_router,93,math-calculation,vector_db,small_llm,-0.05244813093397435,1150,105
4,pheromone_router,94,text-summarization,knowledge_base,small_llm,0.28760444744336433,1120,110
4,pheromone_router,95,math-calculation,web_search,small_llm,-0.18406660564403565,1500,150
4,pheromone_router,96,code-snippet,vector_db,small_llm,0.3465715573489405,1150,105
4,pheromone_router,97,text-summarization,vector_db,small_llm,0.5065074827061257,1150,105
4,pheromone_router,98,math-calculation,vector_db,small_llm,-0.029322270001268635,1150,105
4,pheromone_router,99,code-snippet,knowledge_base,small_llm,0.14700081596517864,1120,110
