seed,snapshot_query,layer,query_type,tool,tau,eta,effective_probability,traffic_share,n_type_queries_in_prefix
0,25,retrieve,factual-lookup,knowledge_base,1.5854765661612504,0.8510274249551012,0.25554368332088073,0.2857142857142857,7
0,25,retrieve,factual-lookup,vector_db,2.6236164326707403,0.6487355273353228,0.24572758831041233,0.14285714285714285,7
0,25,retrieve,factual-lookup,web_search,2.795881222229122,0.8952899894498829,0.4987287283687068,0.5714285714285714,7
0,25,retrieve,math-calculation,knowledge_base,1.5854765661612504,0.3252687649863037,0.2354113224881397,0.14285714285714285,7
0,25,retrieve,math-calculation,vector_db,2.6236164326707403,0.3388876863548721,0.42285816254759223,0.42857142857142855,7
0,25,retrieve,math-calculation,web_search,2.795881222229122,0.29511489026500876,0.34173051496426804,0.42857142857142855,7
0,25,retrieve,text-summarization,knowledge_base,1.5854765661612504,0.9,0.35090945578203053,0.0,4
0,25,retrieve,text-summarization,vector_db,2.6236164326707403,0.709004267172548,0.3603696975037481,0.25,4
0,25,retrieve,text-summarization,web_search,2.795881222229122,0.6147585821621118,0.28872084671422144,0.75,4
0,25,retrieve,code-snippet,knowledge_base,1.5854765661612504,0.4203298622196588,0.12883294291862724,0.42857142857142855,7
0,25,retrieve,code-snippet,vector_db,2.6236164326707403,0.5695941459712673,0.39148757761290315,0.42857142857142855,7
0,25,retrieve,code-snippet,web_search,2.795881222229122,0.6107632630900989,0.47967947946846967,0.14285714285714285,7
0,25,process,factual-lookup,calculator,1.0390647016856753,0.10311439465548324,0.006764154731397615,0.14285714285714285,7
0,25,process,factual-lookup,regex_processor,1.7410244000905224,0.27922060862328446,0.0831059551877249,0.0,7
0,25,process,factual-lookup,small_llm,4.224885119284914,0.5931684756547083,0.9101298900808775,0.8571428571428571,7
0,25,process,math-calculation,calculator,1.0390647016856753,0.3,0.05274060457802533,0.14285714285714285,7
0,25,process,math-calculation,regex_processor,1.7410244000905224,0.38389330975474667,0.14470580306991054,0.0,7
0,25,process,math-calculation,small_llm,4.224885119284914,0.5803628007629783,0.8025535923520641,0.8571428571428571,7
0,25,process,text-summarization,calculator,1.0390647016856753,0.05,0.0006273037102953597,0.0,4
0,25,process,text-summarization,regex_processor,1.7410244000905224,0.3099695487569871,0.04039598254584513,0.0,4
0,25,process,text-summarization,small_llm,4.224885119284914,0.9695025386087188,0.9589767137438594,1.0,4
0,25,process,code-snippet,calculator,1.0390647016856753,0.25683035028598605,0.016700842924626647,0.0,7
0,25,process,code-snippet,regex_processor,1.7410244000905224,0.7061918278299674,0.21156963870641415,0.2857142857142857,7
0,25,process,code-snippet,small_llm,4.224885119284914,0.865811894969673,0.7717295183689591,0.7142857142857143,7
0,50,retrieve,factual-lookup,knowledge_base,2.2762045930377317,0.8510274249551012,0.23820912314903514,0.2,15
0,50,retrieve,factual-lookup,vector_db,3.3717878287163976,0.6487355273353228,0.2050480232185615,0.13333333333333333,15
0,50,retrieve,factual-lookup,web_search,4.806923498714174,0.8952899894498829,0.5567428536324034,0.6666666666666666,15
0,50,retrieve,math-calculation,knowledge_base,2.2762045930377317,0.3252687649863037,0.23007668320434851,0.09090909090909091,11
0,50,retrieve,math-calculation,vector_db,3.3717878287163976,0.3388876863548721,0.36995457935393466,0.36363636363636365,11
0,50,retrieve,math-calculation,web_search,4.806923498714174,0.29511489026500876,0.3999687374417168,0.5454545454545454,11
0,50,retrieve,text-summarization,knowledge_base,2.2762045930377317,0.9,0.3442772668765658,0.25,12
0,50,retrieve,text-summarization,vector_db,3.3717878287163976,0.709004267172548,0.31649727051127136,0.16666666666666666,12
0,50,retrieve,text-summarization,web_search,4.806923498714174,0.6147585821621118,0.33922546261216285,0.5833333333333334,12
0,50,retrieve,code-snippet,knowledge_base,2.2762045930377317,0.4203298622196588,0.12226396379247019,0.25,12
0,50,retrieve,code-snippet,vector_db,3.3717878287163976,0.5695941459712673,0.3325814008511729,0.4166666666666667,12
0,50,retrieve,code-snippet,web_search,4.806923498714174,0.6107632630900989,0.545154635356357,0.3333333333333333,12
0,50,process,factual-lookup,calculator,0.8938082979592695,0.10311439465548324,0.0033865224781388864,0.13333333333333333,15
0,50,process,factual-lookup,regex_processor,2.0713131548415027,0.27922060862328446,0.057545542601844815,0.0,15
0,50,process,factual-lookup,small_llm,7.489794467667532,0.5931684756547083,0.9390679349200163,0.8666666666666667,15
0,50,process,math-calculation,calculator,0.8938082979592695,0.3,0.02765856803247931,0.09090909090909091,11
0,50,process,math-calculation,regex_processor,2.0713131548415027,0.38389330975474667,0.10495657507872509,0.0,11
0,50,process,math-calculation,small_llm,7.489794467667532,0.5803628007629783,0.8673848568887956,0.9090909090909091,11
0,50,process,text-summarization,calculator,0.8938082979592695,0.05,0.00030858559964583635,0.0,12
0,50,process,text-summarization,regex_processor,2.0713131548415027,0.3099695487569871,0.02748369309056357,0.08333333333333333,12
0,50,process,text-summarization,small_llm,7.489794467667532,0.9695025386087188,0.9722077213097906,0.9166666666666666,12
0,50,process,code-snippet,calculator,0.8938082979592695,0.25683035028598605,0.008791042463669588,0.0,12
0,50,process,code-snippet,regex_processor,2.0713131548415027,0.7061918278299674,0.154026144960636,0.3333333333333333,12
0,50,process,code-snippet,small_llm,7.489794467667532,0.865811894969673,0.8371828125756944,0.6666666666666666,12
0,75,retrieve,factual-lookup,knowledge_base,3.33036257121197,0.8510274249551012,0.26881791010955847,0.3,20
0,75,retrieve,factual-lookup,vector_db,4.003006660603507,0.6487355273353228,0.18775920993744943,0.1,20
0,75,retrieve,factual-lookup,web_search,6.083183130449678,0.8952899894498829,0.5434228799529922,0.6,20
0,75,retrieve,math-calculation,knowledge_base,3.33036257121197,0.3252687649863037,0.26258098533337604,0.21052631578947367,19
0,75,retrieve,math-calculation,vector_db,4.003006660603507,0.3388876863548721,0.34259808068460157,0.42105263157894735,19
0,75,retrieve,math-calculation,web_search,6.083183130449678,0.29511489026500876,0.39482093398202245,0.3684210526315789,19
0,75,retrieve,text-summarization,knowledge_base,3.33036257121197,0.9,0.3848834162603676,0.3333333333333333,18
0,75,retrieve,text-summarization,vector_db,4.003006660603507,0.709004267172548,0.28710230126940484,0.1111111111111111,18
0,75,retrieve,text-summarization,web_search,6.083183130449678,0.6147585821621118,0.32801428247022757,0.5555555555555556,18
0,75,retrieve,code-snippet,knowledge_base,3.33036257121197,0.4203298622196588,0.1415664723866905,0.16666666666666666,18
0,75,retrieve,code-snippet,vector_db,4.003006660603507,0.5695941459712673,0.3124681451902,0.3888888888888889,18
0,75,retrieve,code-snippet,web_search,6.083183130449678,0.6107632630900989,0.5459653824231094,0.4444444444444444,18
0,75,process,factual-lookup,calculator,0.8066619889082406,0.10311439465548324,0.00225772248028118,0.1,20
0,75,process,factual-lookup,regex_processor,2.3602514680142135,0.27922060862328446,0.04843882353398695,0.0,20
0,75,process,factual-lookup,small_llm,10.249638905342703,0.5931684756547083,0.9493034539857318,0.9,20
0,75,process,math-calculation,calculator,0.8066619889082406,0.3,0.018746343033017903,0.05263157894736842,19
0,75,process,math-calculation,regex_processor,2.3602514680142135,0.38389330975474667,0.08981767753484367,0.10526315789473684,19
0,75,process,math-calculation,small_llm,10.249638905342703,0.5803628007629783,0.8914359794321385,0.8421052631578947,19
0,75,process,text-summarization,calculator,0.8066619889082406,0.05,0.0002044710781487593,0.0,18
0,75,process,text-summarization,regex_processor,2.3602514680142135,0.3099695487569871,0.022993052134121124,0.1111111111111111,18
0,75,process,text-summarization,small_llm,10.249638905342703,0.9695025386087188,0.9768024767877301,0.8888888888888888,18
0,75,process,code-snippet,calculator,0.8066619889082406,0.25683035028598605,0.00596932471364629,0.0,18
0,75,process,code-snippet,regex_processor,2.3602514680142135,0.7061918278299674,0.1320518756707321,0.2777777777777778,18
0,75,process,code-snippet,small_llm,10.249638905342703,0.865811894969673,0.8619787996156216,0.7222222222222222,18
0,100,retrieve,factual-lookup,knowledge_base,3.7776354990224608,0.8510274249551012,0.2545252032403141,0.24,25
0,100,retrieve,factual-lookup,vector_db,5.263686734628209,0.6487355273353228,0.20608625610447767,0.2,25
0,100,retrieve,factual-lookup,web_search,7.23353568080678,0.8952899894498829,0.5393885406552082,0.56,25
0,100,retrieve,math-calculation,knowledge_base,3.7776354990224608,0.3252687649863037,0.24457256982560593,0.24,25
0,100,retrieve,math-calculation,vector_db,5.263686734628209,0.3388876863548721,0.3699172525407145,0.44,25
0,100,retrieve,math-calculation,web_search,7.23353568080678,0.29511489026500876,0.38551017763367956,0.32,25
0,100,retrieve,text-summarization,knowledge_base,3.7776354990224608,0.9,0.362561549347548,0.36,25
0,100,retrieve,text-summarization,vector_db,5.263686734628209,0.709004267172548,0.313519391031122,0.16,25
0,100,retrieve,text-summarization,web_search,7.23353568080678,0.6147585821621118,0.3239190596213301,0.48,25
0,100,retrieve,code-snippet,knowledge_base,3.7776354990224608,0.4203298622196588,0.13155066703793733,0.16,25
0,100,retrieve,code-snippet,vector_db,5.263686734628209,0.5695941459712673,0.33659958928757416,0.28,25
0,100,retrieve,code-snippet,web_search,7.23353568080678,0.6107632630900989,0.5318497436744886,0.56,25
0,100,process,factual-lookup,calculator,0.9047158435607551,0.10311439465548324,0.0020307979717160717,0.08,25
0,100,process,factual-lookup,regex_processor,2.4857059838575344,0.27922060862328446,0.04091293431637302,0.04,25
0,100,process,factual-lookup,small_llm,12.884436087039159,0.5931684756547083,0.9570562677119109,0.88,25
0,100,process,math-calculation,calculator,0.9047158435607551,0.3,0.017007707877923658,0.08,25
0,100,process,math-calculation,regex_processor,2.4857059838575344,0.38389330975474667,0.07651770355740961,0.2,25
0,100,process,math-calculation,small_llm,12.884436087039159,0.5803628007629783,0.9064745885646667,0.72,25
0,100,process,text-summarization,calculator,0.9047158435607551,0.05,0.0001831167519335491,0.0,25
0,100,process,text-summarization,regex_processor,2.4857059838575344,0.3099695487569871,0.019335868853860322,0.08,25
0,100,process,text-summarization,small_llm,12.884436087039159,0.9695025386087188,0.9804810143942061,0.92,25
0,100,process,code-snippet,calculator,0.9047158435607551,0.25683035028598605,0.005446009701461075,0.0,25
0,100,process,code-snippet,regex_processor,2.4857059838575344,0.7061918278299674,0.11312762235103054,0.24,25
0,100,process,code-snippet,small_llm,12.884436087039159,0.865811894969673,0.8814263679475084,0.76,25
1,25,retrieve,factual-lookup,knowledge_base,2.0121531487743956,0.8510274249551012,0.2856018298773517,0.2857142857142857,7
1,25,retrieve,factual-lookup,vector_db,1.7504990897781445,0.6487355273353228,0.14438101659438027,0.0,7
1,25,retrieve,factual-lookup,web_search,3.628671272407548,0.8952899894498829,0.570017153528268,0.7142857142857143,7
1,25,retrieve,math-calculation,knowledge_base,2.0121531487743956,0.3252687649863037,0.2916428071490841,0.14285714285714285,7
1,25,retrieve,math-calculation,vector_db,1.7504990897781445,0.3388876863548721,0.27540954180073657,0.42857142857142855,7
1,25,retrieve,math-calculation,web_search,3.628671272407548,0.29511489026500876,0.43294765105017924,0.42857142857142855,7
1,25,retrieve,text-summarization,knowledge_base,2.0121531487743956,0.9,0.41993581848156014,0.5,4
1,25,retrieve,text-summarization,vector_db,1.7504990897781445,0.709004267172548,0.2267234571591902,0.25,4
1,25,retrieve,text-summarization,web_search,3.628671272407548,0.6147585821621118,0.3533407243592496,0.25,4
1,25,retrieve,code-snippet,knowledge_base,2.0121531487743956,0.4203298622196588,0.15612451513104494,0.14285714285714285,7
1,25,retrieve,code-snippet,vector_db,1.7504990897781445,0.5695941459712673,0.24941496211807157,0.14285714285714285,7
1,25,retrieve,code-snippet,web_search,3.628671272407548,0.6107632630900989,0.5944605227508833,0.7142857142857143,7
1,25,process,factual-lookup,calculator,1.0318257492934875,0.10311439465548324,0.005731013144584918,0.0,7
1,25,process,factual-lookup,regex_processor,1.2203574724590778,0.27922060862328446,0.04970138069127537,0.0,7
1,25,process,factual-lookup,small_llm,5.139140289207521,0.5931684756547083,0.9445676061641397,1.0,7
1,25,process,math-calculation,calculator,1.0318257492934875,0.3,0.04634679625751834,0.14285714285714285,7
1,25,process,math-calculation,regex_processor,1.2203574724590778,0.38389330975474667,0.08975920547524512,0.2857142857142857,7
1,25,process,math-calculation,small_llm,5.139140289207521,0.5803628007629783,0.8638939982672366,0.5714285714285714,7
1,25,process,text-summarization,calculator,1.0318257492934875,0.05,0.0005210934194965608,0.0,4
1,25,process,text-summarization,regex_processor,1.2203574724590778,0.3099695487569871,0.023686142923939817,0.0,4
1,25,process,text-summarization,small_llm,5.139140289207521,0.9695025386087188,0.9757927636565636,1.0,4
1,25,process,code-snippet,calculator,1.0318257492934875,0.25683035028598605,0.015027458352613978,0.0,7
1,25,process,code-snippet,regex_processor,1.2203574724590778,0.7061918278299674,0.13437513795380057,0.14285714285714285,7
1,25,process,code-snippet,small_llm,5.139140289207521,0.865811894969673,0.8505974036935855,0.8571428571428571,7
1,50,retrieve,factual-lookup,knowledge_base,3.108132130053849,0.8510274249551012,0.291162614681801,0.26666666666666666,15
1,50,retrieve,factual-lookup,vector_db,2.717304088368892,0.6487355273353228,0.14791854735592067,0.06666666666666667,15
1,50,retrieve,factual-lookup,web_search,5.410327343414793,0.8952899894498829,0.5609188379622784,0.6666666666666666,15
1,50,retrieve,math-calculation,knowledge_base,3.108132130053849,0.3252687649863037,0.29569023560179897,0.2727272727272727,11
1,50,retrieve,math-calculation,vector_db,2.717304088368892,0.3388876863548721,0.2806096544152363,0.36363636363636365,11
1,50,retrieve,math-calculation,web_search,5.410327343414793,0.29511489026500876,0.4237001099829647,0.36363636363636365,11
1,50,retrieve,text-summarization,knowledge_base,3.108132130053849,0.9,0.42467586991898826,0.4166666666666667,12
1,50,retrieve,text-summarization,vector_db,2.717304088368892,0.709004267172548,0.2304140903084047,0.08333333333333333,12
1,50,retrieve,text-summarization,web_search,5.410327343414793,0.6147585821621118,0.3449100397726071,0.5,12
1,50,retrieve,code-snippet,knowledge_base,3.108132130053849,0.4203298622196588,0.15921808420841216,0.16666666666666666,12
1,50,retrieve,code-snippet,vector_db,2.717304088368892,0.5695941459712673,0.25561227567683253,0.3333333333333333,12
1,50,retrieve,code-snippet,web_search,5.410327343414793,0.6107632630900989,0.5851696401147554,0.5,12
1,50,process,factual-lookup,calculator,1.1847368393323117,0.10311439465548324,0.00399335323014541,0.0,15
1,50,process,factual-lookup,regex_processor,1.4407353685581954,0.27922060862328446,0.03560872286694099,0.0,15
1,50,process,factual-lookup,small_llm,8.610291353947026,0.5931684756547083,0.9603979239029137,1.0,15
1,50,process,math-calculation,calculator,1.1847368393323117,0.3,0.03312322501463701,0.18181818181818182,11
1,50,process,math-calculation,regex_processor,1.4407353685581954,0.38389330975474667,0.06595891717299918,0.2727272727272727,11
1,50,process,math-calculation,small_llm,8.610291353947026,0.5803628007629783,0.9009178578123639,0.5454545454545454,11
1,50,process,text-summarization,calculator,1.1847368393323117,0.05,0.00035968672051381355,0.0,12
1,50,process,text-summarization,regex_processor,1.4407353685581954,0.3099695487569871,0.016810660690494122,0.0,12
1,50,process,text-summarization,small_llm,8.610291353947026,0.9695025386087188,0.982829652588992,1.0,12
1,50,process,code-snippet,calculator,1.1847368393323117,0.25683035028598605,0.010777188681889566,0.0,12
1,50,process,code-snippet,regex_processor,1.4407353685581954,0.7061918278299674,0.09908787115722026,0.16666666666666666,12
1,50,process,code-snippet,small_llm,8.610291353947026,0.865811894969673,0.8901349401608902,0.8333333333333334,12
1,75,retrieve,factual-lookup,knowledge_base,4.237849201042902,0.8510274249551012,0.31126441773435237,0.25,20
1,75,retrieve,factual-lookup,vector_db,4.454525087813558,0.6487355273353228,0.19012255434351552,0.1,20
1,75,retrieve,factual-lookup,web_search,6.133936812976248,0.8952899894498829,0.49861302792213213,0.65,20
1,75,retrieve,math-calculation,knowledge_base,4.237849201042902,0.3252687649863037,0.30007637236822177,0.3684210526315789,19
1,75,retrieve,math-calculation,vector_db,4.454525087813558,0.3388876863548721,0.34238487212716895,0.2631578947368421,19
1,75,retrieve,math-calculation,web_search,6.133936812976248,0.29511489026500876,0.35753875550460934,0.3684210526315789,19
1,75,retrieve,text-summarization,knowledge_base,4.237849201042902,0.9,0.4296151097829102,0.4444444444444444,18
1,75,retrieve,text-summarization,vector_db,4.454525087813558,0.709004267172548,0.2802516233389834,0.1111111111111111,18
1,75,retrieve,text-summarization,web_search,6.133936812976248,0.6147585821621118,0.29013326687810637,0.4444444444444444,18
1,75,retrieve,code-snippet,knowledge_base,4.237849201042902,0.4203298622196588,0.16704923652732684,0.16666666666666666,18
1,75,retrieve,code-snippet,vector_db,4.454525087813558,0.5695941459712673,0.32244151201725296,0.4444444444444444,18
1,75,retrieve,code-snippet,web_search,6.133936812976248,0.6107632630900989,0.5105092514554201,0.3888888888888889,18
1,75,process,factual-lookup,calculator,1.2830580137179415,0.10311439465548324,0.0032754766302752025,0.0,20
1,75,process,factual-lookup,regex_processor,2.2413244563158545,0.27922060862328446,0.04195553731300435,0.05,20
1,75,process,factual-lookup,small_llm,11.301928631798912,0.5931684756547083,0.9547689860567203,0.95,20
1,75,process,math-calculation,calculator,1.2830580137179415,0.3,0.02715457105042104,0.15789473684210525,19
1,75,process,math-calculation,regex_processor,2.2413244563158545,0.38389330975474667,0.07767476732184399,0.2631578947368421,19
1,75,process,math-calculation,small_llm,11.301928631798912,0.5803628007629783,0.8951706616277351,0.5789473684210527,19
1,75,process,text-summarization,calculator,1.2830580137179415,0.05,0.00029586353787502186,0.0,18
1,75,process,text-summarization,regex_processor,2.2413244563158545,0.3099695487569871,0.01986314148423845,0.0,18
1,75,process,text-summarization,small_llm,11.301928631798912,0.9695025386087188,0.9798409949778865,1.0,18
1,75,process,code-snippet,calculator,1.2830580137179415,0.25683035028598605,0.008747885277649272,0.0,18
1,75,process,code-snippet,regex_processor,2.2413244563158545,0.7061918278299674,0.11553516854803503,0.2222222222222222,18
1,75,process,code-snippet,small_llm,11.301928631798912,0.865811894969673,0.8757169461743157,0.7777777777777778,18
1,100,retrieve,factual-lookup,knowledge_base,5.802270223738437,0.8510274249551012,0.3675695673007835,0.32,25
1,100,retrieve,factual-lookup,vector_db,5.473187264926772,0.6487355273353228,0.2014791717772392,0.12,25
1,100,retrieve,factual-lookup,web_search,6.146759400650369,0.8952899894498829,0.4309512609219773,0.56,25
1,100,retrieve,math-calculation,knowledge_base,5.802270223738437,0.3252687649863037,0.34530549489277185,0.28,25
1,100,retrieve,math-calculation,vector_db,5.473187264926772,0.3388876863548721,0.3535677969273377,0.32,25
1,100,retrieve,math-calculation,web_search,6.146759400650369,0.29511489026500876,0.3011267081798904,0.4,25
1,100,retrieve,text-summarization,knowledge_base,5.802270223738437,0.9,0.4808426403417273,0.56,25
1,100,retrieve,text-summarization,vector_db,5.473187264926772,0.709004267172548,0.28148678398151844,0.08,25
1,100,retrieve,text-summarization,web_search,6.146759400650369,0.6147585821621118,0.23767057567675443,0.36,25
1,100,retrieve,code-snippet,knowledge_base,5.802270223738437,0.4203298622196588,0.20125139560563535,0.12,25
1,100,retrieve,code-snippet,vector_db,5.473187264926772,0.5695941459712673,0.348603546475372,0.48,25
1,100,retrieve,code-snippet,web_search,6.146759400650369,0.6107632630900989,0.4501450579189928,0.4,25
1,100,process,factual-lookup,calculator,1.1000618645114197,0.10311439465548324,0.002237143758967463,0.0,25
1,100,process,factual-lookup,regex_processor,1.9216555557338055,0.27922060862328446,0.02865554514612066,0.04,25
1,100,process,factual-lookup,small_llm,14.400499469070358,0.5931684756547083,0.9691073110949118,0.96,25
1,100,process,math-calculation,calculator,1.1000618645114197,0.3,0.018920919480489934,0.12,25
1,100,process,math-calculation,regex_processor,1.9216555557338055,0.38389330975474667,0.05412267479510096,0.2,25
1,100,process,math-calculation,small_llm,14.400499469070358,0.5803628007629783,0.9269564057244092,0.68,25
1,100,process,text-summarization,calculator,1.1000618645114197,0.05,0.00020040592496238985,0.0,25
1,100,process,text-summarization,regex_processor,1.9216555557338055,0.3099695487569871,0.013454484017862112,0.0,25
1,100,process,text-summarization,small_llm,14.400499469070358,0.9695025386087188,0.9863451100571754,1.0,25
1,100,process,code-snippet,calculator,1.1000618645114197,0.25683035028598605,0.006135833729666806,0.0,25
1,100,process,code-snippet,regex_processor,1.9216555557338055,0.7061918278299674,0.0810372520489054,0.16,25
1,100,process,code-snippet,small_llm,14.400499469070358,0.865811894969673,0.9128269142214278,0.84,25
2,25,retrieve,factual-lookup,knowledge_base,2.184281999178806,0.8510274249551012,0.3587702956668165,0.42857142857142855,7
2,25,retrieve,factual-lookup,vector_db,2.535941510887412,0.6487355273353228,0.24204452172047775,0.42857142857142855,7
2,25,retrieve,factual-lookup,web_search,2.1959694550978623,0.8952899894498829,0.39918518261270564,0.14285714285714285,7
2,25,retrieve,math-calculation,knowledge_base,2.184281999178806,0.3252687649863037,0.323850795351282,0.0,7
2,25,retrieve,math-calculation,vector_db,2.535941510887412,0.3388876863548721,0.4081336002266532,0.7142857142857143,7
2,25,retrieve,math-calculation,web_search,2.1959694550978623,0.29511489026500876,0.26801560442206496,0.2857142857142857,7
2,25,retrieve,text-summarization,knowledge_base,2.184281999178806,0.9,0.4567065614408684,0.5,4
2,25,retrieve,text-summarization,vector_db,2.535941510887412,0.709004267172548,0.32906406341102373,0.25,4
2,25,retrieve,text-summarization,web_search,2.1959694550978623,0.6147585821621118,0.21422937514810778,0.25,4
2,25,retrieve,code-snippet,knowledge_base,2.184281999178806,0.4203298622196588,0.1903079220649561,0.2857142857142857,7
2,25,retrieve,code-snippet,vector_db,2.535941510887412,0.5695941459712673,0.40573076214871706,0.2857142857142857,7
2,25,retrieve,code-snippet,web_search,2.1959694550978623,0.6107632630900989,0.40396131578632694,0.42857142857142855,7
2,25,process,factual-lookup,calculator,1.3181802462448426,0.10311439465548324,0.008939305109605833,0.0,7
2,25,process,factual-lookup,regex_processor,1.5181624311555506,0.27922060862328446,0.07549245471412372,0.2857142857142857,7
2,25,process,factual-lookup,small_llm,4.079850287763688,0.5931684756547083,0.9155682401762705,0.7142857142857143,7
2,25,process,math-calculation,calculator,1.3181802462448426,0.3,0.06911304799468887,0.2857142857142857,7
2,25,process,math-calculation,regex_processor,1.5181624311555506,0.38389330975474667,0.13034130504462185,0.0,7
2,25,process,math-calculation,small_llm,4.079850287763688,0.5803628007629783,0.8005456469606892,0.7142857142857143,7
2,25,process,text-summarization,calculator,1.3181802462448426,0.05,0.0008271802707791666,0.0,4
2,25,process,text-summarization,regex_processor,1.5181624311555506,0.3099695487569871,0.03661353501595616,0.25,4
2,25,process,text-summarization,small_llm,4.079850287763688,0.9695025386087188,0.9625592847132647,0.75,4
2,25,process,code-snippet,calculator,1.3181802462448426,0.25683035028598605,0.022280785443359215,0.0,7
2,25,process,code-snippet,regex_processor,1.5181624311555506,0.7061918278299674,0.19401112066410434,0.14285714285714285,7
2,25,process,code-snippet,small_llm,4.079850287763688,0.865811894969673,0.7837080938925365,0.8571428571428571,7
2,50,retrieve,factual-lookup,knowledge_base,3.4995220948488965,0.8510274249551012,0.3880117399545719,0.4666666666666667,15
2,50,retrieve,factual-lookup,vector_db,3.7372302148198537,0.6487355273353228,0.24078766246712127,0.4,15
2,50,retrieve,factual-lookup,web_search,3.0250474754076024,0.8952899894498829,0.37120059757830687,0.13333333333333333,15
2,50,retrieve,math-calculation,knowledge_base,3.4995220948488965,0.3252687649863037,0.34833482551244666,0.18181818181818182,11
2,50,retrieve,math-calculation,vector_db,3.7372302148198537,0.3388876863548721,0.40379865115407354,0.6363636363636364,11
2,50,retrieve,math-calculation,web_search,3.0250474754076024,0.29511489026500876,0.24786652333347992,0.18181818181818182,11
2,50,retrieve,text-summarization,knowledge_base,3.4995220948488965,0.9,0.4840097185169218,0.5,12
2,50,retrieve,text-summarization,vector_db,3.7372302148198537,0.709004267172548,0.3207804355123808,0.25,12
2,50,retrieve,text-summarization,web_search,3.0250474754076024,0.6147585821621118,0.19520984597069743,0.25,12
2,50,retrieve,code-snippet,knowledge_base,3.4995220948488965,0.4203298622196588,0.20893522474911333,0.25,12
2,50,retrieve,code-snippet,vector_db,3.7372302148198537,0.5695941459712673,0.40973524168871717,0.25,12
2,50,retrieve,code-snippet,web_search,3.0250474754076024,0.6107632630900989,0.38132953356216953,0.5,12
2,50,process,factual-lookup,calculator,1.1301747886241718,0.10311439465548324,0.004350370856852004,0.0,15
2,50,process,factual-lookup,regex_processor,1.6895814315220579,0.27922060862328446,0.04768877202182298,0.2,15
2,50,process,factual-lookup,small_llm,7.442043564930125,0.5931684756547083,0.9479608571213249,0.8,15
2,50,process,math-calculation,calculator,1.1301747886241718,0.3,0.03559789211197023,0.18181818181818182,11
2,50,process,math-calculation,regex_processor,1.6895814315220579,0.38389330975474667,0.08714377577203998,0.0,11
2,50,process,math-calculation,small_llm,7.442043564930125,0.5803628007629783,0.8772583321159898,0.8181818181818182,11
2,50,process,text-summarization,calculator,1.1301747886241718,0.05,0.00039460303476089055,0.0,12
2,50,process,text-summarization,regex_processor,1.6895814315220579,0.3099695487569871,0.022672112471941726,0.16666666666666666,12
2,50,process,text-summarization,small_llm,7.442043564930125,0.9695025386087188,0.9769332844932974,0.8333333333333334,12
2,50,process,code-snippet,calculator,1.1301747886241718,0.25683035028598605,0.011476160662950357,0.0,12
2,50,process,code-snippet,regex_processor,1.6895814315220579,0.7061918278299674,0.12971279559175394,0.16666666666666666,12
2,50,process,code-snippet,small_llm,7.442043564930125,0.865811894969673,0.8588110437452956,0.8333333333333334,12
2,75,retrieve,factual-lookup,knowledge_base,5.414505519184754,0.8510274249551012,0.4598388594274176,0.55,20
2,75,retrieve,factual-lookup,vector_db,3.772400560235183,0.6487355273353228,0.1861713818165522,0.3,20
2,75,retrieve,factual-lookup,web_search,3.7662009071231997,0.8952899894498829,0.35398975875603006,0.15,20
2,75,retrieve,math-calculation,knowledge_base,5.414505519184754,0.3252687649863037,0.4293921324474397,0.2631578947368421,19
2,75,retrieve,math-calculation,vector_db,3.772400560235183,0.3388876863548721,0.3247431050991893,0.5789473684210527,19
2,75,retrieve,math-calculation,web_search,3.7662009071231997,0.29511489026500876,0.245864762453371,0.15789473684210525,19
2,75,retrieve,text-summarization,knowledge_base,5.414505519184754,0.9,0.5691757646475525,0.5555555555555556,18
2,75,retrieve,text-summarization,vector_db,3.772400560235183,0.709004267172548,0.24610366354709423,0.16666666666666666,18
2,75,retrieve,text-summarization,web_search,3.7662009071231997,0.6147585821621118,0.18472057180535328,0.2777777777777778,18
2,75,retrieve,code-snippet,knowledge_base,5.414505519184754,0.4203298622196588,0.2668067340555528,0.2777777777777778,18
2,75,retrieve,code-snippet,vector_db,3.772400560235183,0.5695941459712673,0.34135504840470504,0.2222222222222222,18
2,75,retrieve,code-snippet,web_search,3.7662009071231997,0.6107632630900989,0.3918382175397421,0.5,18
2,75,process,factual-lookup,calculator,1.019982746733315,0.10311439465548324,0.0029508002121669224,0.0,20
2,75,process,factual-lookup,regex_processor,1.9504959240460114,0.27922060862328446,0.04137598761472249,0.15,20
2,75,process,factual-lookup,small_llm,9.98262831576381,0.5931684756547083,0.9556732121731105,0.85,20
2,75,process,math-calculation,calculator,1.019982746733315,0.3,0.02453448012758174,0.10526315789473684,19
2,75,process,math-calculation,regex_processor,1.9504959240460114,0.38389330975474667,0.07682590044509875,0.10526315789473684,19
2,75,process,math-calculation,small_llm,9.98262831576381,0.5803628007629783,0.8986396194273195,0.7894736842105263,19
2,75,process,text-summarization,calculator,1.019982746733315,0.05,0.0002663702487924599,0.0,18
2,75,process,text-summarization,regex_processor,1.9504959240460114,0.3099695487569871,0.01957654248783758,0.1111111111111111,18
2,75,process,text-summarization,small_llm,9.98262831576381,0.9695025386087188,0.9801570872633699,0.8888888888888888,18
2,75,process,code-snippet,calculator,1.019982746733315,0.25683035028598605,0.007893660901562367,0.05555555555555555,18
2,75,process,code-snippet,regex_processor,1.9504959240460114,0.7061918278299674,0.11412567895260775,0.16666666666666666,18
2,75,process,code-snippet,small_llm,9.98262831576381,0.865811894969673,0.87798066014583,0.7777777777777778,18
2,100,retrieve,factual-lookup,knowledge_base,5.585315299473847,0.8510274249551012,0.40957929354648287,0.48,25
2,100,retrieve,factual-lookup,vector_db,4.748806910519068,0.6487355273353228,0.20235925047957687,0.36,25
2,100,retrieve,factual-lookup,web_search,4.78156281440113,0.8952899894498829,0.38806145597394015,0.16,25
2,100,retrieve,math-calculation,knowledge_base,5.585315299473847,0.3252687649863037,0.3805690269952671,0.32,25
2,100,retrieve,math-calculation,vector_db,4.748806910519068,0.3388876863548721,0.3512344553151108,0.52,25
2,100,retrieve,math-calculation,web_search,4.78156281440113,0.29511489026500876,0.2681965176896219,0.16,25
2,100,retrieve,text-summarization,knowledge_base,5.585315299473847,0.9,0.518917249294956,0.52,25
2,100,retrieve,text-summarization,vector_db,4.748806910519068,0.709004267172548,0.27380892676084156,0.16,25
2,100,retrieve,text-summarization,web_search,4.78156281440113,0.6147585821621118,0.20727382394420255,0.32,25
2,100,retrieve,code-snippet,knowledge_base,5.585315299473847,0.4203298622196588,0.2288936148735823,0.28,25
2,100,retrieve,code-snippet,vector_db,4.748806910519068,0.5695941459712673,0.3573724240257409,0.24,25
2,100,retrieve,code-snippet,web_search,4.78156281440113,0.6107632630900989,0.41373396110067695,0.48,25
2,100,process,factual-lookup,calculator,0.8745077074804757,0.10311439465548324,0.0020381914129476804,0.0,25
2,100,process,factual-lookup,regex_processor,1.6723064428789487,0.27922060862328446,0.02857942815336439,0.12,25
2,100,process,factual-lookup,small_llm,12.568870874034625,0.5931684756547083,0.969382380433688,0.88,25
2,100,process,math-calculation,calculator,0.8745077074804757,0.3,0.017265246620410134,0.08,25
2,100,process,math-calculation,regex_processor,1.6723064428789487,0.38389330975474667,0.05406342873874647,0.12,25
2,100,process,math-calculation,small_llm,12.568870874034625,0.5803628007629783,0.9286713246408433,0.8,25
2,100,process,text-summarization,calculator,0.8745077074804757,0.05,0.00018254221601625024,0.0,25
2,100,process,text-summarization,regex_processor,1.6723064428789487,0.3099695487569871,0.013415707887296551,0.08,25
2,100,process,text-summarization,small_llm,12.568870874034625,0.9695025386087188,0.9864017498966872,0.92,25
2,100,process,code-snippet,calculator,0.8745077074804757,0.25683035028598605,0.005592972117394682,0.04,25
2,100,process,code-snippet,regex_processor,1.6723064428789487,0.7061918278299674,0.08086257418713481,0.12,25
2,100,process,code-snippet,small_llm,12.568870874034625,0.865811894969673,0.9135444536954704,0.84,25
3,25,retrieve,factual-lookup,knowledge_base,2.8283970757750265,0.8510274249551012,0.424058721633227,0.7142857142857143,7
3,25,retrieve,factual-lookup,vector_db,3.1149226350064323,0.6487355273353228,0.2713820619339705,0.0,7
3,25,retrieve,factual-lookup,web_search,1.8354636189505156,0.8952899894498829,0.3045592164328025,0.2857142857142857,7
3,25,retrieve,math-calculation,knowledge_base,2.8283970757750265,0.3252687649863037,0.3663466332445862,0.14285714285714285,7
3,25,retrieve,math-calculation,vector_db,3.1149226350064323,0.3388876863548721,0.43795142719688196,0.7142857142857143,7
3,25,retrieve,math-calculation,web_search,1.8354636189505156,0.29511489026500876,0.19570193955853193,0.14285714285714285,7
3,25,retrieve,text-summarization,knowledge_base,2.8283970757750265,0.9,0.5034608296750319,0.75,4
3,25,retrieve,text-summarization,vector_db,3.1149226350064323,0.709004267172548,0.34410045854044985,0.25,4
3,25,retrieve,text-summarization,web_search,1.8354636189505156,0.6147585821621118,0.15243871178451834,0.0,4
3,25,retrieve,code-snippet,knowledge_base,2.8283970757750265,0.4203298622196588,0.22766009117981684,0.14285714285714285,7
3,25,retrieve,code-snippet,vector_db,3.1149226350064323,0.5695941459712673,0.46040956124459914,0.5714285714285714,7
3,25,retrieve,code-snippet,web_search,1.8354636189505156,0.6107632630900989,0.31193034757558397,0.2857142857142857,7
3,25,process,factual-lookup,calculator,1.3167064350444466,0.10311439465548324,0.007822064900592602,0.0,7
3,25,process,factual-lookup,regex_processor,1.8177997304630547,0.27922060862328446,0.07918352611109958,0.14285714285714285,7
3,25,process,factual-lookup,small_llm,4.644277164224474,0.5931684756547083,0.9129944089883079,0.8571428571428571,7
3,25,process,math-calculation,calculator,1.3167064350444466,0.3,0.0607495665549339,0.2857142857142857,7
3,25,process,math-calculation,regex_processor,1.8177997304630547,0.38389330975474667,0.13733424299321564,0.2857142857142857,7
3,25,process,math-calculation,small_llm,4.644277164224474,0.5803628007629783,0.8019161904518504,0.42857142857142855,7
3,25,process,text-summarization,calculator,1.3167064350444466,0.05,0.0007245371568448917,0.0,4
3,25,process,text-summarization,regex_processor,1.8177997304630547,0.3099695487569871,0.038442869083300926,0.0,4
3,25,process,text-summarization,small_llm,4.644277164224474,0.9695025386087188,0.9608325937598542,1.0,4
3,25,process,code-snippet,calculator,1.3167064350444466,0.25683035028598605,0.01940881705584835,0.0,7
3,25,process,code-snippet,regex_processor,1.8177997304630547,0.7061918278299674,0.2025857203246574,0.2857142857142857,7
3,25,process,code-snippet,small_llm,4.644277164224474,0.865811894969673,0.7780054626194942,0.7142857142857143,7
3,50,retrieve,factual-lookup,knowledge_base,4.517040364654453,0.8510274249551012,0.44601201924680794,0.4666666666666667,15
3,50,retrieve,factual-lookup,vector_db,3.197118325263847,0.6487355273353228,0.18344232820369563,0.06666666666666667,15
3,50,retrieve,factual-lookup,web_search,3.390851619173664,0.8952899894498829,0.3705456525494965,0.4666666666666667,15
3,50,retrieve,math-calculation,knowledge_base,4.517040364654453,0.3252687649863037,0.41906758752851914,0.2727272727272727,11
3,50,retrieve,math-calculation,vector_db,3.197118325263847,0.3388876863548721,0.32197019194614024,0.5454545454545454,11
3,50,retrieve,math-calculation,web_search,3.390851619173664,0.29511489026500876,0.2589622205253407,0.18181818181818182,11
3,50,retrieve,text-summarization,knowledge_base,4.517040364654453,0.9,0.558813313303501,0.6666666666666666,12
3,50,retrieve,text-summarization,vector_db,3.197118325263847,0.709004267172548,0.24546193968549215,0.08333333333333333,12
3,50,retrieve,text-summarization,web_search,3.390851619173664,0.6147585821621118,0.1957247470110069,0.25,12
3,50,retrieve,code-snippet,knowledge_base,4.517040364654453,0.4203298622196588,0.25741993125364737,0.25,12
3,50,retrieve,code-snippet,vector_db,3.197118325263847,0.5695941459712673,0.3345780547210835,0.4166666666666667,12
3,50,retrieve,code-snippet,web_search,3.390851619173664,0.6107632630900989,0.40800201402526903,0.3333333333333333,12
3,50,process,factual-lookup,calculator,1.3761892543070706,0.10311439465548324,0.004887100729314291,0.06666666666666667,15
3,50,process,factual-lookup,regex_processor,1.6197057572662967,0.27922060862328446,0.04217602049911933,0.06666666666666667,15
3,50,process,factual-lookup,small_llm,8.109115297518596,0.5931684756547083,0.9529368787715663,0.8666666666666667,15
3,50,process,math-calculation,calculator,1.3761892543070706,0.3,0.04003291645327623,0.2727272727272727,11
3,50,process,math-calculation,regex_processor,1.6197057572662967,0.38389330975474667,0.07715316942055542,0.18181818181818182,11
3,50,process,math-calculation,small_llm,8.109115297518596,0.5803628007629783,0.8828139141261684,0.5454545454545454,11
3,50,process,text-summarization,calculator,1.3761892543070706,0.05,0.0004421573233572849,0.0,12
3,50,process,text-summarization,regex_processor,1.6197057572662967,0.3099695487569871,0.0200001309632003,0.08333333333333333,12
3,50,process,text-summarization,small_llm,8.109115297518596,0.9695025386087188,0.9795577117134424,0.9166666666666666,12
3,50,process,code-snippet,calculator,1.3761892543070706,0.25683035028598605,0.01301004942390234,0.0,12
3,50,process,code-snippet,regex_processor,1.6197057572662967,0.7061918278299674,0.11576828422080976,0.16666666666666666,12
3,50,process,code-snippet,small_llm,8.109115297518596,0.865811894969673,0.8712216663552879,0.8333333333333334,12
3,75,retrieve,factual-lookup,knowledge_base,5.399555629134921,0.8510274249551012,0.4119327450996145,0.45,20
3,75,retrieve,factual-lookup,vector_db,3.771157529047954,0.6487355273353228,0.16718265708558183,0.1,20
3,75,retrieve,factual-lookup,web_search,4.984876365689638,0.8952899894498829,0.42088459781480364,0.45,20
3,75,retrieve,math-calculation,knowledge_base,5.399555629134921,0.3252687649863037,0.3971255682514799,0.3157894736842105,19
3,75,retrieve,math-calculation,vector_db,3.771157529047954,0.3388876863548721,0.30107268785798824,0.47368421052631576,19
3,75,retrieve,math-calculation,web_search,4.984876365689638,0.29511489026500876,0.3018017438905319,0.21052631578947367,19
3,75,retrieve,text-summarization,knowledge_base,5.399555629134921,0.9,0.5364272595445133,0.6666666666666666,18
3,75,retrieve,text-summarization,vector_db,3.771157529047954,0.709004267172548,0.23250921648124218,0.1111111111111111,18
3,75,retrieve,text-summarization,web_search,4.984876365689638,0.6147585821621118,0.23106352397424443,0.2222222222222222,18
3,75,retrieve,code-snippet,knowledge_base,5.399555629134921,0.4203298622196588,0.23630870152923253,0.16666666666666666,18
3,75,retrieve,code-snippet,vector_db,3.771157529047954,0.5695941459712673,0.3030727653104656,0.3333333333333333,18
3,75,retrieve,code-snippet,web_search,4.984876365689638,0.6107632630900989,0.4606185331603018,0.5,18
3,75,process,factual-lookup,calculator,1.3311488805797622,0.10311439465548324,0.0034502209804425977,0.15,20
3,75,process,factual-lookup,regex_processor,1.5488419967995393,0.27922060862328446,0.029436335366534488,0.05,20
3,75,process,factual-lookup,small_llm,11.275598646493215,0.5931684756547083,0.9671134436530229,0.8,20
3,75,process,math-calculation,calculator,1.3311488805797622,0.3,0.028896693067068147,0.15789473684210525,19
3,75,process,math-calculation,regex_processor,1.5488419967995393,0.38389330975474667,0.05505632354295627,0.15789473684210525,19
3,75,process,math-calculation,small_llm,11.275598646493215,0.5803628007629783,0.9160469833899756,0.6842105263157895,19
3,75,process,text-summarization,calculator,1.3311488805797622,0.05,0.00030955585483159406,0.0,18
3,75,process,text-summarization,regex_processor,1.5488419967995393,0.3099695487569871,0.01384259653035523,0.05555555555555555,18
3,75,process,text-summarization,small_llm,11.275598646493215,0.9695025386087188,0.9858478476148133,0.9444444444444444,18
3,75,process,code-snippet,calculator,1.3311488805797622,0.25683035028598605,0.009428470358412827,0.0,18
3,75,process,code-snippet,regex_processor,1.5488419967995393,0.7061918278299674,0.08294198247601262,0.1111111111111111,18
3,75,process,code-snippet,small_llm,11.275598646493215,0.865811894969673,0.9076295471655745,0.8888888888888888,18
3,100,retrieve,factual-lookup,knowledge_base,6.47598344806092,0.8510274249551012,0.42708650788559377,0.52,25
3,100,retrieve,factual-lookup,vector_db,4.212212607502762,0.6487355273353228,0.16142420583362285,0.08,25
3,100,retrieve,factual-lookup,web_search,5.637779224925524,0.8952899894498829,0.41148928628078324,0.4,25
3,100,retrieve,math-calculation,knowledge_base,6.47598344806092,0.3252687649863037,0.41276577854282837,0.4,25
3,100,retrieve,math-calculation,vector_db,4.212212607502762,0.3388876863548721,0.2914305618579985,0.4,25
3,100,retrieve,math-calculation,web_search,5.637779224925524,0.29511489026500876,0.2958036595991731,0.2,25
3,100,retrieve,text-summarization,knowledge_base,6.47598344806092,0.9,0.552532321369107,0.6,25
3,100,retrieve,text-summarization,vector_db,4.212212607502762,0.709004267172548,0.22303597584867033,0.16,25
3,100,retrieve,text-summarization,web_search,5.637779224925524,0.6147585821621118,0.2244317027822227,0.24,25
3,100,retrieve,code-snippet,knowledge_base,6.47598344806092,0.4203298622196588,0.24798460870334876,0.2,25
3,100,retrieve,code-snippet,vector_db,4.212212607502762,0.5695941459712673,0.29619643291702646,0.24,25
3,100,retrieve,code-snippet,web_search,5.637779224925524,0.6107632630900989,0.4558189583796247,0.56,25
3,100,process,factual-lookup,calculator,1.1412937714870732,0.10311439465548324,0.0024910301610648663,0.12,25
3,100,process,factual-lookup,regex_processor,1.7650160694322126,0.27922060862328446,0.028247924789825057,0.08,25
3,100,process,factual-lookup,small_llm,13.419665439569927,0.5931684756547083,0.9692610450491101,0.8,25
3,100,process,math-calculation,calculator,1.1412937714870732,0.3,0.021036126816159274,0.12,25
3,100,process,math-calculation,regex_processor,1.7650160694322126,0.38389330975474667,0.053271579599497264,0.12,25
3,100,process,math-calculation,small_llm,13.419665439569927,0.5803628007629783,0.9256922935843435,0.76,25
3,100,process,text-summarization,calculator,1.1412937714870732,0.05,0.00022315207953198604,0.04,25
3,100,process,text-summarization,regex_processor,1.7650160694322126,0.3099695487569871,0.013263257715918495,0.04,25
3,100,process,text-summarization,small_llm,13.419665439569927,0.9695025386087188,0.9865135902045494,0.92,25
3,100,process,code-snippet,calculator,1.1412937714870732,0.25683035028598605,0.00683429974357478,0.0,25
3,100,process,code-snippet,regex_processor,1.7650160694322126,0.7061918278299674,0.07990941033177204,0.12,25
3,100,process,code-snippet,small_llm,13.419665439569927,0.865811894969673,0.9132562899246531,0.88,25
4,25,retrieve,factual-lookup,knowledge_base,1.6782631868144633,0.8510274249551012,0.2912077735140711,0.2857142857142857,7
4,25,retrieve,factual-lookup,vector_db,3.2684798232058614,0.6487355273353228,0.32956186885368677,0.5714285714285714,7
4,25,retrieve,factual-lookup,web_search,1.9747851579724685,0.8952899894498829,0.3792303576322422,0.14285714285714285,7
4,25,retrieve,math-calculation,knowledge_base,1.6782631868144633,0.3252687649863037,0.2449380065109508,0.42857142857142855,7
4,25,retrieve,math-calculation,vector_db,3.2684798232058614,0.3388876863548721,0.5178080230009491,0.5714285714285714,7
4,25,retrieve,math-calculation,web_search,1.9747851579724685,0.29511489026500876,0.23725397048810015,0.0,7
4,25,retrieve,text-summarization,knowledge_base,1.6782631868144633,0.9,0.36262644952754497,0.5,4
4,25,retrieve,text-summarization,vector_db,3.2684798232058614,0.709004267172548,0.4382863013781298,0.25,4
4,25,retrieve,text-summarization,web_search,1.9747851579724685,0.6147585821621118,0.1990872490943253,0.25,4
4,25,retrieve,code-snippet,knowledge_base,1.6782631868144633,0.4203298622196588,0.14162821856686764,0.0,7
4,25,retrieve,code-snippet,vector_db,3.2684798232058614,0.5695941459712673,0.5065077281019179,0.42857142857142855,7
4,25,retrieve,code-snippet,web_search,1.9747851579724685,0.6107632630900989,0.35186405333121445,0.5714285714285714,7
4,25,process,factual-lookup,calculator,0.919616085059688,0.10311439465548324,0.005419835703900292,0.0,7
4,25,process,factual-lookup,regex_processor,1.15906530572993,0.27922060862328446,0.050089167621467166,0.14285714285714285,7
4,25,process,factual-lookup,small_llm,4.842846777203176,0.5931684756547083,0.9444909966746325,0.8571428571428571,7
4,25,process,math-calculation,calculator,0.919616085059688,0.3,0.043913129591170164,0.0,7
4,25,process,math-calculation,regex_processor,1.15906530572993,0.38389330975474667,0.09063048717259324,0.14285714285714285,7
4,25,process,math-calculation,small_llm,4.842846777203176,0.5803628007629783,0.8654563832362366,0.8571428571428571,7
4,25,process,text-summarization,calculator,0.919616085059688,0.05,0.0004927614280899912,0.0,4
4,25,process,text-summarization,regex_processor,1.15906530572993,0.3099695487569871,0.0238691034116691,0.25,4
4,25,process,text-summarization,small_llm,4.842846777203176,0.9695025386087188,0.9756381351602409,0.75,4
4,25,process,code-snippet,calculator,0.919616085059688,0.25683035028598605,0.014209187553274561,0.14285714285714285,7
4,25,process,code-snippet,regex_processor,1.15906530572993,0.7061918278299674,0.13540143932989943,0.0,7
4,25,process,code-snippet,small_llm,4.842846777203176,0.865811894969673,0.850389373116826,0.8571428571428571,7
4,50,retrieve,factual-lookup,knowledge_base,1.9892784860595376,0.8510274249551012,0.21167217193471524,0.2,15
4,50,retrieve,factual-lookup,vector_db,6.702823818162837,0.6487355273353228,0.4144519979095445,0.5333333333333333,15
4,50,retrieve,factual-lookup,web_search,3.17481822387751,0.8952899894498829,0.3738758301557403,0.26666666666666666,15
4,50,retrieve,math-calculation,knowledge_base,1.9892784860595376,0.3252687649863037,0.1674673183795189,0.36363636363636365,11
4,50,retrieve,math-calculation,vector_db,6.702823818162837,0.3388876863548721,0.6125184019491026,0.6363636363636364,11
4,50,retrieve,math-calculation,web_search,3.17481822387751,0.29511489026500876,0.2200142796713784,0.0,11
4,50,retrieve,text-summarization,knowledge_base,1.9892784860595376,0.9,0.26070572792493446,0.25,12
4,50,retrieve,text-summarization,vector_db,6.702823818162837,0.709004267172548,0.545161867630458,0.5833333333333334,12
4,50,retrieve,text-summarization,web_search,3.17481822387751,0.6147585821621118,0.19413240444460747,0.16666666666666666,12
4,50,retrieve,code-snippet,knowledge_base,1.9892784860595376,0.4203298622196588,0.09472258213832244,0.08333333333333333,12
4,50,retrieve,code-snippet,vector_db,6.702823818162837,0.5695941459712673,0.5860926706049505,0.4166666666666667,12
4,50,retrieve,code-snippet,web_search,3.17481822387751,0.6107632630900989,0.3191847472567271,0.5,12
4,50,process,factual-lookup,calculator,0.7884558409280499,0.10311439465548324,0.002347557646289799,0.0,15
4,50,process,factual-lookup,regex_processor,1.2240452726244553,0.27922060862328446,0.02672346184628947,0.06666666666666667,15
4,50,process,factual-lookup,small_llm,9.854419414547383,0.5931684756547083,0.9709289805074207,0.9333333333333333,15
4,50,process,math-calculation,calculator,0.7884558409280499,0.3,0.01987409434179139,0.0,11
4,50,process,math-calculation,regex_processor,1.2240452726244553,0.38389330975474667,0.050522639410179475,0.09090909090909091,11
4,50,process,math-calculation,small_llm,9.854419414547383,0.5803628007629783,0.9296032662480291,0.9090909090909091,11
4,50,process,text-summarization,calculator,0.7884558409280499,0.05,0.0002100959084213324,0.0,12
4,50,process,text-summarization,regex_processor,1.2240452726244553,0.3099695487569871,0.012535329503630326,0.16666666666666666,12
4,50,process,text-summarization,small_llm,9.854419414547383,0.9695025386087188,0.9872545745879484,0.8333333333333334,12
4,50,process,code-snippet,calculator,0.7884558409280499,0.25683035028598605,0.006460925909607409,0.08333333333333333,12
4,50,process,code-snippet,regex_processor,1.2240452726244553,0.7061918278299674,0.07583462679776738,0.0,12
4,50,process,code-snippet,small_llm,9.854419414547383,0.865811894969673,0.9177044472926252,0.9166666666666666,12
4,75,retrieve,factual-lookup,knowledge_base,3.3162706322563134,0.8510274249551012,0.28679927792660326,0.25,20
4,75,retrieve,factual-lookup,vector_db,7.219817511885622,0.6487355273353228,0.36282947644794084,0.5,20
4,75,retrieve,factual-lookup,web_search,3.6606653041506227,0.8952899894498829,0.35037124562545596,0.25,20
4,75,retrieve,math-calculation,knowledge_base,3.3162706322563134,0.3252687649863037,0.2340885755610644,0.3157894736842105,19
4,75,retrieve,math-calculation,vector_db,7.219817511885622,0.3388876863548721,0.5532014766326461,0.5789473684210527,19
4,75,retrieve,math-calculation,web_search,3.6606653041506227,0.29511489026500876,0.2127099478062896,0.10526315789473684,19
4,75,retrieve,text-summarization,knowledge_base,3.3162706322563134,0.9,0.34890173424312015,0.3888888888888889,18
4,75,retrieve,text-summarization,vector_db,7.219817511885622,0.709004267172548,0.4714026969005214,0.5,18
4,75,retrieve,text-summarization,web_search,3.6606653041506227,0.6147585821621118,0.17969556885635846,0.1111111111111111,18
4,75,retrieve,code-snippet,knowledge_base,3.3162706322563134,0.4203298622196588,0.13645368735276386,0.1111111111111111,18
4,75,retrieve,code-snippet,vector_db,7.219817511885622,0.5695941459712673,0.5455217554601882,0.3333333333333333,18
4,75,retrieve,code-snippet,web_search,3.6606653041506227,0.6107632630900989,0.3180245571870478,0.5555555555555556,18
4,75,process,factual-lookup,calculator,0.9815844894593367,0.10311439465548324,0.0024664634138907952,0.0,20
4,75,process,factual-lookup,regex_processor,1.565276862823008,0.27922060862328446,0.028839949924974854,0.15,20
4,75,process,factual-lookup,small_llm,11.64989209601022,0.5931684756547083,0.9686935866611344,0.85,20
4,75,process,math-calculation,calculator,0.9815844894593367,0.3,0.02082102411970359,0.05263157894736842,19
4,75,process,math-calculation,regex_processor,1.565276862823008,0.38389330975474667,0.054368098433356646,0.05263157894736842,19
4,75,process,math-calculation,small_llm,11.64989209601022,0.5803628007629783,0.9248108774469397,0.8947368421052632,19
4,75,process,text-summarization,calculator,0.9815844894593367,0.05,0.0002210180352534071,0.05555555555555555,18
4,75,process,text-summarization,regex_processor,1.565276862823008,0.3099695487569871,0.013545319265677718,0.1111111111111111,18
4,75,process,text-summarization,small_llm,11.64989209601022,0.9695025386087188,0.9862336626990689,0.8333333333333334,18
4,75,process,code-snippet,calculator,0.9815844894593367,0.25683035028598605,0.006759648333863554,0.1111111111111111,18
4,75,process,code-snippet,regex_processor,1.565276862823008,0.7061918278299674,0.08149674589290903,0.05555555555555555,18
4,75,process,code-snippet,small_llm,11.64989209601022,0.865811894969673,0.9117436057732274,0.8333333333333334,18
4,100,retrieve,factual-lookup,knowledge_base,4.846344068500054,0.8510274249551012,0.3488885213545768,0.28,25
4,100,retrieve,factual-lookup,vector_db,8.051497161966566,0.6487355273353228,0.33681958352034275,0.44,25
4,100,retrieve,factual-lookup,web_search,3.9447583021999804,0.8952899894498829,0.3142918951250804,0.28,25
4,100,retrieve,math-calculation,knowledge_base,4.846344068500054,0.3252687649863037,0.28789961764762223,0.28,25
4,100,retrieve,math-calculation,vector_db,8.051497161966566,0.3388876863548721,0.5191948126027233,0.6,25
4,100,retrieve,math-calculation,web_search,3.9447583021999804,0.29511489026500876,0.19290556974965445,0.12,25
4,100,retrieve,text-summarization,knowledge_base,4.846344068500054,0.9,0.4147970666815696,0.48,25
4,100,retrieve,text-summarization,vector_db,8.051497161966566,0.709004267172548,0.42767193934852815,0.4,25
4,100,retrieve,text-summarization,web_search,3.9447583021999804,0.6147585821621118,0.15753099396990217,0.12,25
4,100,retrieve,code-snippet,knowledge_base,4.846344068500054,0.4203298622196588,0.1733288124569884,0.12,25
4,100,retrieve,code-snippet,vector_db,8.051497161966566,0.5695941459712673,0.5287905744063974,0.36,25
4,100,retrieve,code-snippet,web_search,3.9447583021999804,0.6107632630900989,0.29788061313661424,0.52,25
4,100,process,factual-lookup,calculator,0.8415860016501988,0.10311439465548324,0.001771561556361438,0.04,25
4,100,process,factual-lookup,regex_processor,2.1463259017872685,0.27922060862328446,0.03312910906054841,0.12,25
4,100,process,factual-lookup,small_llm,13.854687629229142,0.5931684756547083,0.9650993293830902,0.84,25
4,100,process,math-calculation,calculator,0.8415860016501988,0.3,0.01497304891499068,0.04,25
4,100,process,math-calculation,regex_processor,2.1463259017872685,0.38389330975474667,0.06252964810374965,0.08,25
4,100,process,math-calculation,small_llm,13.854687629229142,0.5803628007629783,0.9224973029812596,0.88,25
4,100,process,text-summarization,calculator,0.8415860016501988,0.05,0.00015901983750059583,0.04,25
4,100,process,text-summarization,regex_processor,2.1463259017872685,0.3099695487569871,0.01558642529490924,0.08,25
4,100,process,text-summarization,small_llm,13.854687629229142,0.9695025386087188,0.9842545548675901,0.88,25
4,100,process,code-snippet,calculator,0.8415860016501988,0.25683035028598605,0.004822233378744755,0.08,25
4,100,process,code-snippet,regex_processor,2.1463259017872685,0.7061918278299674,0.09298182696802439,0.12,25
4,100,process,code-snippet,small_llm,13.854687629229142,0.865811894969673,0.9021959396532309,0.8,25
